ricosiswandi,SalmaBrecht
ricosiswandi,aniesbaswedan
ricosiswandi,aagym
ricosiswandi,Pemburu989
SINDIKASI_,rezkywirrr
SINDIKASI_,SINDIKASI_
PanggilAku_Sanz,strategic_sbm
limerencious,black__valley1
almirafp,orleysentpp
jendvral,RMPD_
jendvral,RMPD_
AlQossam3,erna_st
KuncoroJati1234,EnggalPMT
normmmsss,ranggafrds
normmmsss,PT_Transjakarta
the_bLack12321,richardyl
RinduSBY,DemokratIsMe14
timmymalachi,Teh__L
timmymalachi,BNPB_Indonesia
timmymalachi,rankrank
yon_egoist,mochamadarip
budi_sulistiyo,V_Stone_Kardol
firmancell86,erna_st
HudaibiSanto,detikcom
arsensjuventini,Aryprasetyo85
arsensjuventini,Paltiwest
arsensjuventini,MAIAsangJUARA
arsensjuventini,SalmaBrecht
arsensjuventini,aniesbaswedan
arsensjuventini,aagym
guyayiww,bahasinrl
mangkuthinks,kuacipecah
mangkuthinks,mangkuthinks
Bagas36406270,__Effendi__
Bagas36406270,EnggalPMT
Pinez11,PolitikToday
Atha879,BuddhisGL
Atha879,BuddhisGL
DedenBahari,defitafide
muhfachmi13,nieke_aereta
muhfachmi13,EnggalPMT
muhfachmi13,DukeCondet
reynaldirizk,ranggaaditamaa
yayanz006,EnggalPMT
rosieaja,disk0nfess
salsabila0307,DJBourned
salsabila0307,hadifianwidjaja
salsabila0307,TeddyGusnaidi
salsabila0307,DJBourned
salsabila0307,hadifianwidjaja
salsabila0307,TeddyGusnaidi
salsabila0307,DJBourned
salsabila0307,hadifianwidjaja
salsabila0307,TeddyGusnaidi
salsabila0307,DJBourned
salsabila0307,hadifianwidjaja
salsabila0307,TeddyGusnaidi
salsabila0307,DJBourned
salsabila0307,hadifianwidjaja
salsabila0307,TeddyGusnaidi
salsabila0307,DJBourned
salsabila0307,hadifianwidjaja
salsabila0307,TeddyGusnaidi
salsabila0307,DJBourned
salsabila0307,hadifianwidjaja
salsabila0307,TeddyGusnaidi
yus81,WagimanDeep212
yus81,ganjarpranowo
Canda_Bisnis2,V_Stone_Kardol
WOOD_ART13,fadjroeL
WOOD_ART13,ganjarpranowo
WOOD_ART13,sherpa701
albertocung,MAIAsangJUARA
albertocung,fadjroeL
IzulV3,HukumDan
Wariman_,meiarndy
Wariman_,rizkinovrian21
Wariman_,otakotek
Wariman_,beungeutcloth
Wariman_,rianprayoga32
Wariman_,Wariman_
Wariman_,LMHahahahaha
Wariman_,Nuno_Vengeance
Wariman_,Wariman_
belindch,polikromasiii
jokoselong,OfficialiNewsTV
SFatoni1,Muammal201
SFatoni1,ganjarpranowo
Hansip__TL,ganjarpranowo
Hansip__TL,PerawatNKRI
Hansip__TL,erna_st
devinyakamu,orleysentpp
rofiqma_mun,Aryprasetyo85
rofiqma_mun,FirzaHusain
rofiqma_mun,Aryprasetyo85
FloNadayang,polikromasiii
cak_agoest,Je_Ly
cak_agoest,Aryprasetyo85
cak_agoest,didikempotid
cak_agoest,kawananraja
cak_agoest,cintada17
DitjenPDT,jokowi
jatengpedia,dinkesjateng
Soleh64268085,EnggalPMT
Soleh64268085,NMoekijat
54N153N74H7N,DivHumas_Polri
54N153N74H7N,KemenkesRI
54N153N74H7N,ditpromkes
faridferre,ryan_nus
nufadhillah,detikcom
WhySoSensi,Adhit_1909
WhySoSensi,Anizar28818848
WhySoSensi,ganjarpranowo
adheliaAP,ernestprakasa
acipanser,polikromasiii
lisablackp20,podoradong
beningbanyuku,ikkiyonkie
beningbanyuku,edi_akhiles
utuntauk,dveePaddy
utuntauk,utuntauk
utuntauk,SutariUu111
utuntauk,utuntauk
utuntauk,SumardiEvulae
AdditTendy,richardyl
tar_wiwi,RacunBelanja
PantunJ2P,Nandagilang9
piffiisshh,WildaKhaerita
piffiisshh,infotegal
ndylaros,Nurh4D1I305K4
bhre_wengker84,poldajateng_
bhre_wengker84,RAISYAELBIX1
Nunuk_Paolai,ganjarpranowo
Adudu7231,erna_st
WagimanDeep212,LaskarBerbagi_K
WagimanDeep212,BahriBpp
WagimanDeep212,Meril_Qurniawan
WagimanDeep212,WagimanDeep212
WagimanDeep212,Dee_01984
WagimanDeep212,MAIAsangJUARA
WagimanDeep212,LaskarBerbagi_K
WagimanDeep212,BahriBpp
WagimanDeep212,sherpa701
ketawamerem,comeonblues2
PP_FORMASI,SumardiEvulae
Oloanoasis,black__valley1
snowstar_jjk,ohmybeautybank
yulie_new_,Pemburu989
yulie_new_,Pemburu989
yulie_new_,EtekewerNyengir
hyunskzee,sanshineey
EkaaRah20,ernestprakasa
babe_Ahmad,ChristWamea
babe_Ahmad,detikcom
navieonline,ganjarpranowo
chanzino,jinhyukganteng
Abdulaye_Jibril,Nandagilang9
dokterMade,kuacipecah
dokterMade,dokterMade
nurulshanti,bangyupi_006
nurulshanti,MochatmaW
nurulshanti,ganjarpranowo
nurulshanti,henkronk
nurulshanti,ganjarpranowo
nurulshanti,NMoekijat
nurulshanti,CintaMalika1
nurulshanti,ganjarpranowo
nurulshanti,EnggalPMT
milkyrightway,sushiaeon
seungyoue,Iaepoca
karman_mustamin,Irenecutemom
mugiya_wardhany,HukumDan
mugiya_wardhany,cubby_ghum
mugiya_wardhany,Jhonkosmik
mugiya_wardhany,erna_st
KokoGiovanni,ridwankamil
KokoGiovanni,dbrahmantyo
ed_parmadi,gembus_1
ntieonly,__Effendi__
ntieonly,black__valley1
AkalSuper,Nandagilang9
SahabatSaber,ichawirsa
LizaElBe,Aryprasetyo85
andi_btg,HambaAllah_2204
EdiIswardi,logic_editor
EdiIswardi,ganjarpranowo
gunsihombing,ernestprakasa
SydSalesman,detikcom
SydSalesman,Aryprasetyo85
SydSalesman,kurawa
SydSalesman,ganjarpranowo
IbnuSholh,NMoekijat
JsDeyz,black__valley1
RajaAbsolut,Puspen_TNI
kopi_angku,kumparan
kopi_angku,03__nakula
kopi_angku,KanjengRatuAyu1
KelianBanjar_GK,V_Stone_Kardol
Hardianto_AB,detikcom
AlberaD5,black__valley1
AlberaD5,jr_kw19
49Reborn,Widyarenee
joxzin72,Budi_Lapar
joxzin72,JohnySibuea
joxzin72,WSetyorini2
joxzin72,BNPB_Indonesia
joxzin72,fefeniaku
joxzin72,Budi_Lapar
joxzin72,JohnySibuea
joxzin72,WSetyorini2
joxzin72,BNPB_Indonesia
joxzin72,thesandblazt
ndahmutty,richardyl
jkfvking,armyfess_
edi_akhiles,ikkiyonkie
edi_akhiles,edi_akhiles
edi_akhiles,Thampan_namma
edi_akhiles,edi_akhiles
edi_akhiles,silvialifah
edi_akhiles,edi_akhiles
anggi3l,poisons
secretkicker,itsyourbearrr
Yadie050977,WagimanDeep212
Great_Pujangga,arjuno_ireng01
Great_Pujangga,V_Stone_Kardol
butterclouns,x1members
akunrecehndeso,HambaAllah_2204
firlyxx,poisons
DPP_IKAPPI,ArahJatim
DPP_IKAPPI,PolsekMananYKA
Wibosono_poetra,Mr_703n4_______
rita_tj,kurawa
rita_tj,ganjarpranowo
faradilaaa,ridwankamil
RudyPRONKRI,V_Stone_Kardol
Khalsa86mdn,EnggalPMT
tjeonjjk,cuteyerie
leamaya6,anom1392
leamaya6,anom1392
ST_bangkahulu,poisons
mhdfadli26,FirzaHusain
aamamay__,luvgulugulu
ires_adlin,KemenkesRI
ichigoyhcm,DotDot_Angel
DsSupriyady,Anna_Masue3
Rahman_Nashir,03__nakula
Rahman_Nashir,SantriPasir
lnsmy_,Faizinmuh_
DiniHaruti,dardopr
adesaktiawan,kumparan
agnshrlmbng,ernestprakasa
winwinpotter,ensititudeworld
nissasaaa,mapleuchaa
meow_leader,MAIAsangJUARA
MVVZ3,HukumDan
MVVZ3,HambaAllah_2204
MVVZ3,ChristWamea
MVVZ3,HukumDan
MVVZ3,EnggalPMT
gilang_coffee,me_kiea
gilang_coffee,will_runturambi
gilang_coffee,Mr_703n4_______
bucincilung,telyufess
Tam_Jake,ranggafrds
Tam_Jake,PT_Transjakarta
Tam_Jake,PT_Transjakarta
Tam_Jake,ranggafrds
Tam_Jake,PT_Transjakarta
arena51,Mr_703n4_______
arena51,Sjahrial32
safirabelaa,khalebianca
an18ping,Aryprasetyo85
an18ping,black__valley1
an18ping,03__nakula
MJtuhMasJoko,EnggalPMT
kompascom,kompasiana
kompascom,kompasiana
gombesus,gembus_1
dwytono,V_Stone_Kardol
dwytono,DivHumas_Polri
dwytono,ganjarpranowo
dwytono,kirekswasta
dwytono,kotaserui
dwytono,AriestaRiico
dwytono,ridwankamil
dwytono,WagimanDeep212
dwytono,LaskarBerbagi_K
rudysarwa,Aryprasetyo85
nimidnec,AGoeci
nimidnec,sosmedbw
Ht_gurgur16,fadjroeL
sukatanyaj,DukeCondet
sukatanyaj,black__valley1
timothyorvin,PT_Transjakarta
chiqui_a,Indomaret
chiqui_a,ernestprakasa
BabeMude,TINTAHIJAUcom
windywahid_,kotaserui
suumimasen,jiminitrogent
Julian303,ganjarpranowo
dwicahyo__,richardyl
AdiJehan,__Effendi__
AdiJehan,me_kiea
AgusSul55741094,Galihzainur1
mamiagarislucu,LaskarBerbagi_K
mamiagarislucu,BahriBpp
mamiagarislucu,sherpa701
mamiagarislucu,arjuno_ireng01
mamiagarislucu,LaskarBerbagi_K
mamiagarislucu,BahriBpp
Wahyuni48070085,HukumDan
nana040461,EnggalPMT
nana040461,Sjahrial32
nana040461,HambaAllah_2204
wintcrbares,ramanotfound
orochimaruf_,RizaHapsari25
FarelmaxL,MAIAsangJUARA
FarelmaxL,cak_agoest
FarelmaxL,Ngkong__Roses01
FarelmaxL,FarelmaxL
FarelmaxL,03__nakula
FarelmaxL,arjuno_ireng01
FarelmaxL,Paltiwest
FarelmaxL,shinichikudo991
FarelmaxL,keongmas50
FarelmaxL,Pertapatua_
FarelmaxL,mochamadarip
FarelmaxL,LaskarBerbagi_K
FarelmaxL,BahriBpp
FarelmaxL,LaskarBerbagi_K
FarelmaxL,BahriBpp
tiwoy95,ernestprakasa
nyak_ih_meutuah,Ai_Alwii_
nyak_ih_meutuah,ganjarpranowo
JayNUsantara,dpwpkb_sultra
JayNUsantara,cakimiNOW
Gendhute_MeyMey,RizaHapsari25
veraagustian_,detikcom
veraagustian_,SalmaBrecht
veraagustian_,aniesbaswedan
veraagustian_,aagym
veraagustian_,WagimanDeep212
cloudsmingi,andryounmeda
fadeasyz,BerburuSale
dolventure,hanyawn
YudhaShanny2,DivHumas_Polri
Irenecutemom,YogaPras_
basoe_mercon,FazrienBayu
CarikeadilanDi,richardyl
Ilissari95,kebijakananies
rdheryanto,__Effendi__
IskandarMocht16,EnggalPMT
asdarpix,detikcom
kondekturbus_,kirekswasta
kondekturbus_,hadehsupray
kondekturbus_,TMCPoldaMetro
kondekturbus_,kurawa
kondekturbus_,TMCPoldaMetro
kondekturbus_,BNPB_Indonesia
InfoJatibarang,ridwankamil
InfoJatibarang,Promkesindrama2
printer_dr,erna_st
pacarnyabh,shabrinaarp
ndaky00,sprinkledosa
jajanbighit,shabrinaarp
agusboy_1973,PerawatNKRI
agusboy_1973,EnggalPMT
putu_hi,detikcom
putu_hi,HambaAllah_2204
sbrnchp,ernestprakasa
akticis,rugunigira
Maswiro3,EnggalPMT
BudiPra78779216,black__valley1
jockowahyu,giewahyudi
DJBourned,hadifianwidjaja
DJBourned,salsabila0307
DJBourned,TeddyGusnaidi
DJBourned,salsabila0307
DJBourned,hadifianwidjaja
DJBourned,TeddyGusnaidi
DJBourned,salsabila0307
DJBourned,hadifianwidjaja
DJBourned,TeddyGusnaidi
DJBourned,hadifianwidjaja
DJBourned,salsabila0307
DJBourned,TeddyGusnaidi
DJBourned,salsabila0307
DJBourned,hadifianwidjaja
DJBourned,TeddyGusnaidi
DJBourned,kh_notodiputro
DJBourned,ganjarpranowo
DJBourned,ganjarpranowo
DJBourned,hadifianwidjaja
DJBourned,salsabila0307
DJBourned,TeddyGusnaidi
DJBourned,hadifianwidjaja
DJBourned,salsabila0307
DJBourned,TeddyGusnaidi
DJBourned,hadifianwidjaja
DJBourned,salsabila0307
DJBourned,TeddyGusnaidi
DJBourned,EVALockheart
DJBourned,salsabila0307
DJBourned,hadifianwidjaja
DJBourned,TeddyGusnaidi
DJBourned,salsabila0307
DJBourned,hadifianwidjaja
DJBourned,TeddyGusnaidi
DJBourned,salsabila0307
DJBourned,hadifianwidjaja
DJBourned,TeddyGusnaidi
DJBourned,hadifianwidjaja
DJBourned,salsabila0307
DJBourned,TeddyGusnaidi
BrunoUpdate,AsliPoerworedjo
BrunoUpdate,AsliPoerworedjo
BrunoUpdate,ganjarpranowo
BrunoUpdate,anakdesaid
BrunoUpdate,GaleriPurworejo
BrunoUpdate,wonorebo
BrunoUpdate,bayu_hsaputro
BrunoUpdate,caca_panca
BrunoUpdate,chodri24
BrunoUpdate,humasjateng
BrunoUpdate,novenobita
ezash,inggridtn
ezash,ezash
ezash,RismaRS1
ezash,ezash
EKaranggo,Widyarenee
EKaranggo,logic_editor
EKaranggo,ganjarpranowo
RadioElshinta,TMCPoldaMetro
RadioElshinta,TMCPoldaMetro
RadioElshinta,IckyMKS
RadioElshinta,TMCPoldaMetro
RadioElshinta,TMCPoldaMetro
RadioElshinta,TMCPoldaMetro
RadioElshinta,TMCPoldaMetro
Jaimededevangel,AlvxCN
Jaimededevangel,richardyl
Jaimededevangel,vindyputra18
Jaimededevangel,richardyl
Jaimededevangel,blogdokter
Jaimededevangel,tirta_hudhi
Jaimededevangel,ganjarpranowo
fahmiiqbals,ernestprakasa
GoesPoer313,erna_st
riyan_sumindar,ganjarpranowo
riyan_sumindar,Aryprasetyo85
riyan_sumindar,ernestprakasa
riyan_sumindar,usembassyjkt
putragaruda27,erna_st
MN_hamdan_,Cuitforandroid
omJe_,ifaakib17
omJe_,_bishibashi
dewawisana,BuddhisGL
ehstetichuman,guabukanpakboi
MariawanDede,KemenkesRI
EVE_WONYOUNG04,EVE_BRIGHT97
EVE_WONYOUNG04,EVE_BYG90
evisusilawati,kurawa
Zuherooo,ernestprakasa
justbob616,DivHumas_Polri
justbob616,ganjarpranowo
justbob616,03__nakula
justbob616,KanjengRatuAyu1
justbob616,RoroMenduttt_
justbob616,Aryprasetyo85
asniokviyanti,rahmad_20
asniokviyanti,wisnu3_
asniokviyanti,rikepangestika
asniokviyanti,HafidzulAzka
TuguMuda_Jersey,ganjarpranowo
TambahkanNama,EnggalPMT
rasjawa,hadehsupray
_____Tobat,ichawirsa
Ikarizkym,ImasAmaliaW
Ikarizkym,Ladrinaline
_rlkwd,joxzin72
_rlkwd,thesandblazt
_rlkwd,kurawa
GunGunG49169853,erna_st
GunGunG49169853,Hilmi28
GunGunG49169853,DukeCondet
GunGunG49169853,EVALockheart
GunGunG49169853,__Effendi__
inggridtn,ezash
dee_Walix999,ganjarpranowo
adilmer4,BNPB_Indonesia
adilmer4,erna_st
PijatJogja3,soheeywg
AryaWBPinatih47,black__valley1
NicoValentz,MAIAsangJUARA
muntaha_ayubi,ganjarpranowo
awinggar,masihbelia
emarlasmono,EnggalPMT
emarlasmono,ganjarpranowo
wangisekarbhumi,okto_djohan
wangisekarbhumi,WagimanDeep212
EVALockheart,PerawatNKRI
Ma__ma__mia,LaskarBerbagi_K
Ma__ma__mia,BahriBpp
Ma__ma__mia,LaskarBerbagi_K
Ma__ma__mia,BahriBpp
Ma__ma__mia,WagimanDeep212
Ma__ma__mia,WagimanDeep212
Ma__ma__mia,WagimanDeep212
Ma__ma__mia,LaskarBerbagi_K
Bengkeltanah1,BNPB_Indonesia
Bengkeltanah1,MAIAsangJUARA
djalisun,SofyanHasrul
hen1n9,Pemburu989
hen1n9,me_kiea
Ardi01879,Nandagilang9
_Nis___,EnggalPMT
santri_keliling,Ayang_Utriza
santri_keliling,KemenkesRI
santri_keliling,itjenkemenkes
Laduni_Sadja,antaranews
JeeCo9,ismailfahmi
JeeCo9,WagimanDeep212
halcyonrin,Sunarmy3
EmElEs12,DonAdam68
EmElEs12,syahroeladjah
EmElEs12,FerdinandHaean2
akun_easy,Meril_Qurniawan
akun_easy,WagimanDeep212
akun_easy,Dee_01984
akun_easy,ganjarpranowo
akun_easy,black__valley1
akun_easy,MAIAsangJUARA
akun_easy,WagimanDeep212
akun_easy,LaskarBerbagi_K
Izznaq,LaskarBerbagi_K
Izznaq,BahriBpp
Izznaq,Dee_01984
Izznaq,LaskarBerbagi_K
Izznaq,WagimanDeep212
Izznaq,WagimanDeep212
Izznaq,WagimanDeep212
Izznaq,LaskarBerbagi_K
Izznaq,LaskarBerbagi_K
Izznaq,BahriBpp
ninit_ajah,dhe_enoily
ninit_ajah,mamiagarislucu
ninit_ajah,Gregorius841
ninit_ajah,Ngkong__Roses01
ninit_ajah,Sofy_Beeeeee
ninit_ajah,ritafauzh
ninit_ajah,ellstormy
ninit_ajah,DiniHrdianti
ninit_ajah,nanana0680
ninit_ajah,de_jungledunk2
ninit_ajah,kopitehkopi
ninit_ajah,NinjaCir3ng
ninit_ajah,sinta19952
ninit_ajah,NoorAsifa2
ninit_ajah,Adr_Nnaa
ninit_ajah,Ri_Grey
ninit_ajah,RaranyaSiBujaNk
ninit_ajah,cute_miska
ninit_ajah,MonologeLLy_318
ninit_ajah,LangitnyaCerah
ninit_ajah,L0v3D0lph1n
ninit_ajah,__MV_llestari__
ninit_ajah,mee_wijaya
koecing_hutan,WagimanDeep212
iissulastri23,richardyl
AriestaRiico,V_Stone_Kardol
AriestaRiico,AriestaRiico
AriestaRiico,ridwankamil
AriestaRiico,LaskarBerbagi_K
AriestaRiico,BahriBpp
nona_melinda_,toekangkuliner
nona_melinda_,ganjarpranowo
anotherjavas,geminigrlss
J4NGKRIIIK_BOSS,me_kiea
SilitongaEfraim,kurawa
SilitongaEfraim,Aryprasetyo85
zakyfarism,richardyl
teguhrasyid,richardyl
PradityaBeni,erna_st
geminigrlss,anotherjavas
ilmazidnaWTC,Ayang_Utriza
ilmazidnaWTC,KemenkesRI
ilmazidnaWTC,itjenkemenkes
SemboyanR,HukumDan
SemboyanR,hadehsupray
theaddinra,Scorpionordic
ll_nmflhh,ncitybase_
JannesHutajulu,1trenggalek
agama_nusantara,BuddhisGL
agama_nusantara,kumparan
agama_nusantara,detikcom
agama_nusantara,cagubnyinyir2
meilaprachasiwi,black__valley1
Mytrip19,SalmaBrecht
Mytrip19,aniesbaswedan
Mytrip19,aagym
DadangMtp,kurawa
Lexunian,likaylalulu
Lexunian,ImamWah62840050
Lexunian,hadehsupray
reregiii,BobaIpun
palbapang1,kasehsaulmouk
palbapang1,Henz_RIS09
palbapang1,GalihTengil
palbapang1,Muammal201
palbapang1,ganjarpranowo
yunirahapsari,richardyl
alit_de,CNNIndonesia
alit_de,MAIAsangJUARA
alit_de,kurawa
mrtnyp,kempanrb
mrtnyp,WHO
hajibotol,kimots_
JojoBinjai,DirtyHarryn
JojoBinjai,PeniKhairunnisa
JojoBinjai,fefeniaku
JojoBinjai,PeniKhairunnisa
JojoBinjai,DirtyHarryn
JojoBinjai,JojoBinjai
JojoBinjai,fefeniaku
JojoBinjai,V_Stone_Kardol
ronirustamadji,p_politik
PecintaSrundeng,tribunnews
PecintaSrundeng,tribunnews
liansuryanii,Faizinmuh_
paulakaramoy,YogaPras_
watanabeaiur,intoyoubin
watanabeaiur,lilfoxyayen
blogdokter,richardyl
RifdahArfina,CNNIndonesia
cybsgamora,benangwolll
PeniKhairunnisa,DirtyHarryn
PeniKhairunnisa,JojoBinjai
PeniKhairunnisa,fefeniaku
sielvhen95,jr_kw19
sielvhen95,BNPB_Indonesia
kadiyono,DivHumas_Polri
JamilahAtik,marwan_jafar
OssyDermawan,novrizal_dedi
OssyDermawan,JaneSha_111
OssyDermawan,Arsyawijaya21
OssyDermawan,JaneSha_111
OssyDermawan,PDemokrat
V_Stone_Kardol,Bangzul__88
V_Stone_Kardol,poldakeprihumas
V_Stone_Kardol,WagimanDeep212
V_Stone_Kardol,LaskarBerbagi_K
V_Stone_Kardol,poldakeprihumas
V_Stone_Kardol,JulioAndrea4
V_Stone_Kardol,indonesiaraya79
V_Stone_Kardol,poldakeprihumas
V_Stone_Kardol,arjuno_ireng01
aprilmov,KemenkesRI
aprilmov,ditpromkes
garniermiselar,Masker_Hitam
yuliananto_,agusabah1980
yuliananto_,ganjarpranowo
hapijahrahmi,_apaliatliat
hapijahrahmi,anaksgm__
AdvokatlK,CNNIndonesia
oka_vian,Ayang_Utriza
oka_vian,KemenkesRI
oka_vian,itjenkemenkes
DedyNad_id,fadjroeL
DedyNad_id,KemenkesRI
DedyNad_id,KemenkesRI
DedyNad_id,1trenggalek
DedyNad_id,ganjarpranowo
HeriSahaja1,HaryDwiPamungk1
HeriSahaja1,GalihTengil
HeriSahaja1,Muammal201
HeriSahaja1,ganjarpranowo
HeriSahaja1,pmqozim
HeriSahaja1,Jujur70842883
HeriSahaja1,GalihTengil
HeriSahaja1,Muammal201
HeriSahaja1,ganjarpranowo
HeriSahaja1,Just_Ayiex
HeriSahaja1,GalihTengil
HeriSahaja1,Muammal201
HeriSahaja1,ganjarpranowo
saul_we,Aryprasetyo85
saul_we,Aryprasetyo85
saul_we,SalmaBrecht
saul_we,aniesbaswedan
saul_we,aagym
e5campoer,black__valley1
youngnooh,LosmenBudapest
Mulyadisae3,FirzaHusain
rzkyayi,mhsnax
1MenujuDamai,EnggalPMT
rahmimimi,arisrmd
trah1967,Hilmi28
trah1967,erna_st
cintada17,DivHumas_Polri
cintada17,DivHumas_Polri
cintada17,haro_arnold
iBoys___,alfina_d34
YuyunShovia,detikcom
Ayang_Utriza,KemenkesRI
Ayang_Utriza,itjenkemenkes
iniicah,orleysentpp
andreoumeda,ganjarpranowo
DemplonMak,WagimanDeep212
Amanskid,Nandagilang9
Amanskid,black__valley1
Amanskid,PolitikToday
Amanskid,PerawatNKRI
dlnvt,geloraco
octania_,grace_nat
ayuditac,detikcom
RafikaBayu,BuddhisGL
RafikaBayu,BuddhisGL
joulepakir,kumparan
progjo,KemenkesRI
progjo,ditpromkes
Bangzul__88,V_Stone_Kardol
Bangzul__88,Airin_NZ
caiptloey,ryujntz
rahman_busrah,__Effendi__
vanyaous,kumparan
ssblh7,squidwardfess
jerry_gemini,Aryprasetyo85
Putra_AmienJ,HukumDan
Teh__L,hadehsupray
Fazribageur,erna_st
Muhammadirpan_,kumparan
dhanzo,elmanohara
dhanzo,KemenkesRI
dhanzo,ditpromkes
hartono1777,DivHumas_Polri
hartono1777,FirzaHusain
hartono1777,MAIAsangJUARA
Serabie,__Effendi__
Serabie,EnggalPMT
Serabie,HambaAllah_2204
Serabie,bangyupi_006
Serabie,MochatmaW
Serabie,ganjarpranowo
febbbbbyyyyy,detikcom
KemenkesRI,KemenkesRI
KemenkesRI,ditpromkes
nnyzhuxin,AriestaRiico
nnyzhuxin,ridwankamil
IxlalArrijal,thesandblazt
Suanggi_Hitam,AsetEltho
Suanggi_Hitam,V_Stone_Kardol
bibin_bey,detikcom
bibin_bey,kumparan
andrihasmansyah,Aryprasetyo85
ceu_meta,yasqi_
Aryprasetyo85,V_Stone_Kardol
Aryprasetyo85,poldajateng_
Aryprasetyo85,hendrarprihadi
Aryprasetyo85,PolsekTimur
tony_ghozalie,jr_kw19
americkino,KemenkesRI
ameethyst_,ganjarpranowo
rguniy_,KemenkesRI
rguniy_,ditpromkes
GarengHallu,MAIAsangJUARA
GarengHallu,LaskarBerbagi_K
GarengHallu,BahriBpp
kasiyanto82,DivHumas_Polri
De_Ch4,V_Stone_Kardol
De_Ch4,ganjarpranowo
NYOkiteNGEBACOT,SalmaBrecht
NYOkiteNGEBACOT,aniesbaswedan
NYOkiteNGEBACOT,aagym
NYOkiteNGEBACOT,WagimanDeep212
NYOkiteNGEBACOT,LaskarBerbagi_K
mulanbilqis,V_Stone_Kardol
mulanbilqis,arjuno_ireng01
Odh4Tale,Rj_difa
DheaMerlinda,OposisiRasional
raninggalek,1trenggalek
raninggalek,1trenggalek
vioidika,rahmifauzii
mardiasih,hadehsupray
mardiasih,mardiasih
AnakNius,MAIAsangJUARA
BNPB_Indonesia,KemenkesRI
BNPB_Indonesia,ditpromkes
baebiys,ohmybeautybank
lambert_kota,triwul82
lambert_kota,tribunnews
lambert_kota,tribunnews
AlvinoLulu,KemenkesRI
AlvinoLulu,KemenkesRI
piabainetoraya,BNPB_Indonesia
piabainetoraya,ganjarpranowo
piabainetoraya,CNNIndonesia
piabainetoraya,KompasTV
piabainetoraya,Dharmanegara98
piabainetoraya,ganjarpranowo
piabainetoraya,ganjarpranowo
piabainetoraya,ridwankamil
piabainetoraya,jokowi
abdrossid,FirzaHusain
Sebutsaja_ga,barosanna
Sebutsaja_ga,initehkiran
ranikocheng,ranggafrds
ranikocheng,PT_Transjakarta
PaceGimbals,PolitikToday
jualbelituyul,kentangmahal
kangdin223,LaskarBerbagi_K
kangdin223,BahriBpp
kangdin223,kurawa
kangdin223,Meril_Qurniawan
kangdin223,WagimanDeep212
kangdin223,Dee_01984
kangdin223,KemenkesRI
kangmutas,kurawa
kangmutas,jr_kw19
arjunosableng,Dee_01984
KopoBDG,humasjabar
KopoBDG,ridwankamil
yudimemet,OmBrewoks3
yudimemet,ganjarpranowo
arkofine,Nandagilang9
AchmadAnnama,ganjarpranowo
a4f87bdda1c54c0,ganjarpranowo
riskagu,auliamtama
panjianom102,AriestaRiico
panjianom102,ridwankamil
panjianom102,V_Stone_Kardol
panjianom102,ganjarpranowo
panjianom102,kurawa
panjianom102,jr_kw19
panjianom102,arianarosalinee
panjianom102,MAIAsangJUARA
panjianom102,DivHumas_Polri
panjianom102,WagimanDeep212
panjianom102,RoroMenduttt_
panjianom102,Aryprasetyo85
parkchyoel,aprocodite
parkchyoel,jchanyeoI
parkchyoel,wxiskey
parkchyoel,byunqlia
parkchyoel,tinkrbelc
parkchyoel,loeue
parkchyoel,jmendral
parkchyoel,sedphora
parkchyoel,brigaditr
parkchyoel,brigadivr
parkchyoel,roeseeane
parkchyoel,ROME0US
kellyrudi,HambaAllah_2204
kellyrudi,Anna_Masue3
LukasCahya,PDIPpasuruankab
BowoSusilo98,ridwankamil
jungsmytime,hwangvity
arjuno_ireng01,V_Stone_Kardol
arjuno_ireng01,YRadianto
arjuno_ireng01,babegalak1
arjuno_ireng01,Hanifah933
arjuno_ireng01,mulanbilqis
harihariono1,Aryprasetyo85
fourthtill,CNNIndonesia
nahlajn,detikcom
mnasruul,RizaHapsari25
didiklpambudi,Pacitanku
didiklpambudi,JaneSha_111
didiklpambudi,PDemokrat
didiklpambudi,Demokrat_TV
titteril,Nandagilang9
aizahputri,GrabID
aizahputri,kumparan
aizahputri,KemenkesRI
aizahputri,ditpromkes
arwannn1_,detikcom
veraitab,Nandagilang9
ibnupurna,erna_st
CNNIndonesia,CNNIndonesia
prkjim13,taeyungx
prkjim13,geulicee
martins170774,Aryprasetyo85
orangjawabiasa,ulyafenny
puputiest,KemenkesRI
puputiest,ditpromkes
Hospitaleboys76,black__valley1
mastiga03,black__valley1
LoneAlonAe,__Effendi__
xalvinnz,bukalakap
InfoUngaran,kotaserui
pudingpuyo,subtanyarl
jnessy_,sheque
NikenBagus,thesandblazt
NikenBagus,renaldypjs
NikenBagus,notesrindu
NikenBagus,DydhotLoveMy_86
NikenBagus,mala_farel
L0v3D0lph1n,BuddhisGL
L0v3D0lph1n,BuddhisGL
miaemilymia,ganjarpranowo
miaemilymia,AriestaRiico
miaemilymia,ridwankamil
Nowincak,HukumDan
wan_wanrawan,EnggalPMT
just_eskimo,sekaiyeol__
just_eskimo,seyeoll
AgungWidrajat,kumparan
AgungWidrajat,Aryprasetyo85
AgungWidrajat,Aryprasetyo85
AgungWidrajat,Aryprasetyo85
AgungWidrajat,ganjarpranowo
AgungWidrajat,kurawa
cunggun,safitr__
ditjenkesmas,KemenkesRI
ditjenkesmas,ditpromkes
kopitehkopi,LaskarBerbagi_K
kopitehkopi,BahriBpp
kopitehkopi,LaskarBerbagi_K
kopitehkopi,BahriBpp
penjordroid,kumparan
penjordroid,Aryprasetyo85
Ainie2000,Masmasbiasaa
alifahevida_,latifakfc
LiaTAEM,BerburuSale
cIaissy,heejiiv
BaleBengong,johnponiponic
BaleBengong,KarangasemKab
umabbbe,kaumreebahan
ewinkz,Nandagilang9
Nefertitefitriy,ridwankamil
supryanaa,dirgarambe
PhendyAgnezMo,kompascom
raihana_wiwieal,marlina_idha
raihana_wiwieal,EnggalPMT
M70W71,Dharmanegara98
M70W71,ganjarpranowo
M70W71,ganjarpranowo
M70W71,ridwankamil
M70W71,jokowi
julerocks,kurawa
neomubogoshipeo,potatosoonyoung
FerdinandHaean2,novrizal_dedi
hendra0201,EnggalPMT
luxlung,SWahab18
indonesiaraya79,V_Stone_Kardol
indonesiaraya79,V_Stone_Kardol
indonesiaraya79,poldakeprihumas
indonesiaraya79,LaskarBerbagi_K
indonesiaraya79,BahriBpp
kanabanafsaj,cintajajan
kanabanafsaj,AlterBaseRated
kessi_hermana,HambaAllah_2204
kessi_hermana,heruprayud1
kessi_hermana,ismailfahmi
Doneh,infomalang
JabreakYudha,podoradong
Addarul1,HambaAllah_2204
Addarul1,HukumDan
Lousmevoyez,yxutanct
Lousmevoyez,deeyoung96
rifqi32bgr,Aryprasetyo85
zelmahendra,ranggafrds
zelmahendra,PT_Transjakarta
Duateloraja,ganjarpranowo
SBanendro,ganjarpranowo
FireBirdFeniks,MAIAsangJUARA
GMursidi,KenDedez
yoanitamk,Faizinmuh_
catatankakihati,LaskarBerbagi_K
catatankakihati,BahriBpp
catatankakihati,Dee_01984
catatankakihati,arjuno_ireng01
catatankakihati,LaskarBerbagi_K
catatankakihati,MARSUDI__
catatankakihati,sherpa701
catatankakihati,RoroMenduttt_
akukulaa,kyutgrI
tonojora,al_fredil
isfari_507,MAIAsangJUARA
Silminida,merga_cidra
ChristWamea,PolitikToday
ChristWamea,hariankompas
ChristWamea,FPD_DPR
ChristWamea,teukuriefky_1
ChristWamea,DPR_RI
ChristWamea,PDemokrat
ChristWamea,Beritasatu
ChristWamea,KompasTV
ChristWamea,HukumDan
ChristWamea,novrizal_dedi
ChristWamea,BNPB_Indonesia
whiteopposition,__Effendi__
whiteopposition,SaatTobat
whiteopposition,BakulCenel
whiteopposition,Muammal201
whiteopposition,ganjarpranowo
whiteopposition,PerawatNKRI
whiteopposition,HukumDan
Kampak_S,renaldypjs
Kampak_S,WagimanDeep212
Kampak_S,LaskarBerbagi_K
Kampak_S,Gohanycasua1
Alfiansyahfahri,LaskarBerbagi_K
Alfiansyahfahri,BahriBpp
jfunho,shuzeongi
Fotodeka,kumparan
adhinurdafina,HambaAllah_2204
ArdhyanSetyaji,black__valley1
de_jungledunk2,KenDedez
Senaputra_FM,nakerpmptsp_mlg
Senaputra_FM,nakerpmptsp_mlg
01Hariyan,Losegkrewel
01Hariyan,Syarman59
01Hariyan,FerryNLangelo
01Hariyan,ChanelDiezpung
01Hariyan,WagimanDeep212
01Hariyan,HmfaqihA
01Hariyan,RudiTobinq
01Hariyan,AnakKolong___
01Hariyan,eko63691
01Hariyan,LuwitaEmilly878
01Hariyan,scorpiorsl
Yanto78537100,SalmaBrecht
Yanto78537100,aniesbaswedan
Yanto78537100,aagym
bukanomom_,enjeelika
edtheluck,V_Stone_Kardol
edtheluck,MAIAsangJUARA
YudistiraLesma9,KenDedez
tiffaniepsrgg,detikcom
ghelagirl,nilamnuritaa
yudhapati88,detikcom
yudhapati88,mmuzaqi_
yudhapati88,Official_Ansor
yudhapati88,Aryprasetyo85
Gandawan,inisifani
Gandawan,ganjarpranowo
irahanindira,spdnas_
irahanindira,radenrauf
itsyourpandaa,BerburuSale
tirtarivai,LollyNovita
dnexvo,gitayo_
icebear09_,ganjarpranowo
VelianiVelinars,mmuzaqi_
VelianiVelinars,Official_Ansor
VelianiVelinars,MAIAsangJUARA
Dhy_Kwan,HukumDan
edith_kia,mmuzaqi_
edith_kia,Official_Ansor
ochxim,gstilatifah
KamiOposisiID,Nandagilang9
haruhensem,Debi19101
dannydhe,DonAdam68
dannydhe,EnggalPMT
JhonHtjl,cagubnyinyir2
JhonHtjl,WagimanDeep212
JaehyunGranat,seokdae__
kitasemuagagaI,cloudiesbyhell
BudiEmEm,WagimanDeep212
Demokrat_TV,JaneSha_111
Demokrat_TV,PDemokrat
LyMulya,KenDedez
LyMulya,mmuzaqi_
LyMulya,Official_Ansor
KoeAry,black__valley1
polocorner,V_Stone_Kardol
Paulus_willy,V_Stone_Kardol
Ulfah_Fajaryna,ranggafrds
Ulfah_Fajaryna,PT_Transjakarta
BiLLRaY2019,V_Stone_Kardol
kaskuff,Hellmi_
sbyfess,awkangenbanget
deppatorii,wdywnnr
Nurasyor,black__valley1
cagubnyinyir2,ganjarpranowo
cagubnyinyir2,kusumovina
cagubnyinyir2,IMulya77
cagubnyinyir2,hartono_tratas
cagubnyinyir2,Budisan49625819
cagubnyinyir2,HDS_mazgie
cagubnyinyir2,edo_macho
cagubnyinyir2,ganjarpranowo
cagubnyinyir2,hartono_tratas
AhlisWae,mochamadarip
jatmikoWwidodo,Aryprasetyo85
jatmikoWwidodo,Aryprasetyo85
Pusinksayy,InfoUngaran
adhycullen,risckytama_
adhycullen,ilodesuka
soeyoto1,JaneSha_111
soeyoto1,PDemokrat
sukron_ab,fadjroeL
sukron_ab,LaskarBerbagi_K
sukron_ab,BahriBpp
tribunjateng,tribunjateng
infotegal,WildaKhaerita
infotegal,infotegal
KAI121,UncommonEmoji
bintangbete,hadehsupray
affifherman,PerawatNKRI
asword_151,black__valley1
asword_151,kompascom
zuikerlab,03__nakula
RickyKardjono,Jkt_Networks
tacubz,arjuno_ireng01
tacubz,MAIAsangJUARA
tacubz,V_Stone_Kardol
Aprilaza9,LaskarBerbagi_K
Aprilaza9,BahriBpp
Aprilaza9,cah_rusak
Aprilaza9,LaskarBerbagi_K
Aprilaza9,V_Stone_Kardol
Aprilaza9,MAIAsangJUARA
Aprilaza9,LaskarBerbagi_K
Aprilaza9,BahriBpp
Heinz_Fallen,BuddhisGL
mad_nadi,__Effendi__
tjhinfar21,V_Stone_Kardol
istamar88,MAIAsangJUARA
istamar88,WagimanDeep212
istamar88,LaskarBerbagi_K
Indramajid8,kebijakananies
Indramajid8,logic_editor
Indramajid8,ganjarpranowo
Baracuda1818,V_Stone_Kardol
Baracuda1818,arjuno_ireng01
VIVAcoid,VIVA_log
VIVAcoid,100kpjcom
charityhealtha,geloraco
fatmaaristya_u,detikcom
ESDMJateng,ESDMJateng
ESDMJateng,ganjarpranowo
venomize,FazrienBayu
BattleHardenedz,HambaAllah_2204
BahanaRahayu2,mmuzaqi_
BahanaRahayu2,Official_Ansor
PartBurungGalak,MAIAsangJUARA
JEStwitz,LaskarBerbagi_K
JEStwitz,BahriBpp
KavindraOemar,logic_editor
KavindraOemar,ganjarpranowo
KavindraOemar,EnggalPMT
KavindraOemar,detikcom
nanana0680,AriestaRiico
nanana0680,ridwankamil
nanana0680,Dee_01984
SantiSwastika,ganjarpranowo
AnakKolong___,mmuzaqi_
AnakKolong___,Official_Ansor
iyamonot,Ririntriana221
iyamonot,radenrauf
johanamay,GrabID
Tere_one34,SalmaBrecht
Tere_one34,aniesbaswedan
Tere_one34,aagym
Tere_one34,kompascom
Tere_one34,detikcom
Tere_one34,Aryprasetyo85
alwimelody,MAIAsangJUARA
revinaras,cursedvidd
Nurh4D1I305K4,Hilmi28
SitiHandayaniR,ernovvv
jumianto_RK,MAIAsangJUARA
jumianto_RK,MAIAsangJUARA
2019jkwsaja,Aryprasetyo85
fatheema_zein,HambaAllah_2204
andy_nomicin,V_Stone_Kardol
andy_nomicin,arjuno_ireng01
Anggie_AGT,InfoUngaran
Nuckclear,Azzarenkagabril
Nuckclear,Noerhakim19
Nuckclear,hendrarprihadi
Nuckclear,poldajateng_
Fariz_Davin,Widyarenee
mmuzaqi_,Official_Ansor
mmuzaqi_,AnakKolong___
mmuzaqi_,wansenk_ajah
TopToross,Kemensos_MED
TopToross,imasweeety
TopToross,ImamWah62840050
TopToross,nenowrs
TopToross,axdwin
TopToross,sandiuno
TopToross,ismailfahmi
TopToross,JonruGintingNew
TopToross,DediHeemawan
TopToross,TopToross
TopToross,BsmiJayawijaya
TopToross,ImamWah62840050
jokowidohoax,EnggalPMT
filosofiksi,kurniawanyoyok
filosofiksi,Muammal201
filosofiksi,ganjarpranowo
ProjoRia,LaskarBerbagi_K
ProjoRia,BahriBpp
ProjoRia,LaskarBerbagi_K
ProjoRia,BahriBpp
sudaryanto_agus,nasyrhnr
sudaryanto_agus,V_Stone_Kardol
kcngyuchan,elskuyy
Haidary__,kumparan
Haidary__,BNPB_Indonesia
Kesit_,LaskarBerbagi_K
Kesit_,BahriBpp
Kesit_,LaskarBerbagi_K
Kesit_,BahriBpp
Kesit_,Paltiwest
Zulaikha_1997,BTSARMY1TEAM
Siwiliwili1,_hermana_t
FirstMediaCares,rendrawijaya17
FirstMediaCares,mtb_17
FirstMediaCares,ImamudinArif
FirstMediaCares,siyandi
FirstMediaCares,zulfikrisiregar
FirstMediaCares,ganpistolll
FirstMediaCares,natashaalandra
SigitAgungPrab2,BuddhisGL
Dirgantara003,Aryprasetyo85
bellscaft,ranggafrds
bellscaft,PT_Transjakarta
jangkrikkull,pwdd_swekecity
ewin8923,Aryprasetyo85
ewin8923,BuddhisGL
ewin8923,kurawa
ewin8923,kurawa
Putraborne0__,Hasbyeee
Putraborne0__,LaskarBerbagi_K
Putraborne0__,BahriBpp
bamset77,PolitikToday
wongsolo0904,abi_ranata
wongsolo0904,kafiradikalis
wongsolo0904,jokowi
wongsolo0904,AryaSinulingga
wongsolo0904,__Effendi__
amirwawan_,detikcom
hikmatsholeh,mochamadarip
danielf1117,Nandagilang9
Banyumasiana,Aryprasetyo85
teeadnu,ridwankamil
ucupkw__,secondsuckss
ucupkw__,idaaannn
ongkusyg,SaktiPancasona
ongkusyg,hyuniverse0809_
KevLeo94,detikcom
jojo_botak,ganjarpranowo
sifa_farida,BNPB_Indonesia
sifa_farida,KompasTV
heru_pu2111,KompasTV
MiharjoTulus,03__nakula
yogirlssz,VfashionShop1
bimawidjanata2,ridwankamil
marizkay,detikcom
patinewscom,haryanto_shmm
patinewscom,MasSaifulArifin
patinewscom,dpmptsp_kabpati
patinewscom,kwarnas
chichikannisa,zakirosyidi_
JamalHabsy,BNPB_Indonesia
JamalHabsy,erna_st
JamalHabsy,sudjiwotedjo
JamalHabsy,EnggalPMT
147crew_,AremaMelegenda
ibuke_isal,black__valley1
jiooyeon,gulfknawut
kimwoohanseung,xirhopalocera_
toekangkuliner,ArnoldPoernomo
hwangttimby,jyunashin
is_pelssy,Dian_susahLogin
is_pelssy,afar_ol4n
Noeroelhoeda2,abigailmrld
Noeroelhoeda2,EnggalPMT
sudjiwotedjo,diyardita
sudjiwotedjo,haloaput
kek_tokektokek,detikcom
mawaluddin,AngkasaPura_2
mawaluddin,tkg_ap2airport
pmi_diy,palangmerah
yusufgunawan,bobybony
yusufgunawan,e100ss
yusufgunawan,infomalang
yusufgunawan,ellichaaa_
yusufgunawan,infomalang
yusufgunawan,suwarno56328844
yusufgunawan,infomalang
yusufgunawan,imaarroryza
yusufgunawan,infomalang
yusufgunawan,PemkotMalang
yusufgunawan,bobybony
yusufgunawan,e100ss
yusufgunawan,infomalang
yusufgunawan,giigiiku
yusufgunawan,e100ss
yusufgunawan,infomalang
yusufgunawan,infosurabaya
yusufgunawan,Loker_Kost_Sby
yusufgunawan,Lokermalang
yusufgunawan,AyoKerja_JaTIM
haruyataby,MAIAsangJUARA
boobaamilk,iyasayacenayang
MuzlimIndonesia,MAIAsangJUARA
SabdapanditaI,ganjarpranowo
AmrullahHamid6,__Effendi__
elasrihanda,jawafess
UB_Official,destialo
UB_Official,infoUB
BrioBiruPlatDe,Penol86
airyene,bqngst
airyene,airyene
airyene,ccwantig
airyene,orijenni
ritafauzh,LaskarBerbagi_K
ritafauzh,BahriBpp
ritafauzh,arjuno_ireng01
ritafauzh,LaskarBerbagi_K
ritafauzh,BahriBpp
choco_mintberry,palangmerah
ArSunantoaris,RinjaniJB
AREMA1986Merch,oky_caem
AREMA1986Merch,GOONJOL
niakhalifa_,detikcom
Danangdbs,ranggafrds
Danangdbs,PT_Transjakarta
luvelysun,ohmybeautybank
LuvNaresKinar,BNPB_Indonesia
LuvNaresKinar,CNNIndonesia
kencono_wahono,Aryprasetyo85
andi_achilles,HambaAllah_2204
andi_achilles,EnggalPMT
prewmenkaret,AREAJULID
prewmenkaret,ranggafrds
prewmenkaret,PT_Transjakarta
chizzuza,RacunBelanja
KailPancing,1trenggalek
KailPancing,1trenggalek
ane_mayly,ganjarpranowo
ane_mayly,SeputarPonorogo
ane_mayly,detikcom
PemikirGL,satsukyhiruta
PemikirGL,KonghucuGL
PemikirGL,PemikirGL
KevinPerwira007,adisaelangiID
oktori89SEMM,ganjarpranowo
arien06,SalmaBrecht
arien06,aniesbaswedan
arien06,aagym
arien06,aewin86
arien06,MAIAsangJUARA
dagadgetboi,KompasTV
yossidesmitaa,black__valley1
agoeng_sis,ImasAmaliaW
agoeng_sis,Ladrinaline
agoeng_sis,giigiiku
agoeng_sis,e100ss
agoeng_sis,infomalang
agoeng_sis,infosurabaya
agoeng_sis,Loker_Kost_Sby
agoeng_sis,Lokermalang
agoeng_sis,AyoKerja_JaTIM
SamoelGidheta,KompasTV
panca66,FazrienBayu
nanininaninna,black__valley1
SuryaBorneo,Iwen_Pluto21
SuryaBorneo,ganjarpranowo
MZubir_ID,MAIAsangJUARA
MZubir_ID,Jayeng__rono
Mancah_,Vfree87
Mancah_,pqrsep
Mancah_,RacunBelanja
penghuniiMars,gitayo_
albahar_ab,FazrienBayu
tulong1607,risckytama_
fqhfbls,dinkesjateng
fqhfbls,black__valley1
agung_faysm,opposite6890
matchapandan,BerburuSale
foocekk,BerburuSale
NonaSweetMocca,black__valley1
durysna,MAIAsangJUARA
dipa_ahad,Turkinesia_Net
dipa_ahad,Turkinesia_Net
dipa_ahad,podoradong
Sashivens,Feshnr1
revolutia,detikcom
shyntako,kemenkopmk
94afii,ridwankamil
94afii,MAIAsangJUARA
CommuterLine,amelll_lllia
frankarjun,ganjarpranowo
novpuss,radenrauf
Atieiskandar7,Pemburu989
KompasTV,ridwankamil
cukadapur,ranggafrds
cukadapur,PT_Transjakarta
renaldypjs,notesrindu
renaldypjs,DydhotLoveMy_86
renaldypjs,mala_farel
renaldypjs,Bangetsiiih
renaldypjs,wahongsda
renaldypjs,sagittariouss_
renaldypjs,NikenBagus
renaldypjs,intanamandar12
renaldypjs,darmanaji
renaldypjs,MisRitaKalang
hendyaw,ranggafrds
hendyaw,PT_Transjakarta
bimosatr,detikcom
RRIMalang,nakerpmptsp_mlg
marlina_idha,raihana_wiwieal
faras_gafar,sudjiwotedjo
yuwqisong,hhyunjinst
yuwqisong,yuwqisong
Meng1933,detikcom
akun_nyata,Hasbyeee
weendee00,ranggafrds
weendee00,PT_Transjakarta
yersumi,detikcom
vrendim29_,__Effendi__
vrendim29_,ranggafrds
vrendim29_,PT_Transjakarta
luthfiiluffyy,BerburuSale
AnggriantoJohny,MAIAsangJUARA
TNJAirport,AngkasaPura_2
anitanrsh,ranggafrds
anitanrsh,PT_Transjakarta
Paltiwest,YogaPras_
Dedy_solin,MAIAsangJUARA
Yessyka6_,Pacitanku
rahminova2,erna_st
rahminova2,__Effendi__
wisnu93,ranggafrds
wisnu93,PT_Transjakarta
budihidayat20,__Effendi__
budihidayat20,EVALockheart
fadjroeL,univ_indonesia
fadjroeL,UI_library
fadjroeL,itbofficial
PengusahaID,Dzaek95413074
PengusahaID,DonAdam68
PengusahaID,AndiArief__
whtexugar,risckytama_
carolin8810,WagimanDeep212
carolin8810,KanjengRatuAyu1
carolin8810,WagimanDeep212
LgVeder,Meril_Qurniawan
LgVeder,WagimanDeep212
LgVeder,Dee_01984
minhyun__twt,black__valley1
YoyokSubandriy3,TMCPoldaMetro
YoyokSubandriy3,TMCPoldaMetro
YoyokSubandriy3,TMCPoldaMetro
YoyokSubandriy3,KompasTV
YoyokSubandriy3,TMCPoldaMetro
YoyokSubandriy3,TMCPoldaMetro
tsumnade,jutelk
mutia_raaaaa,ranggafrds
mutia_raaaaa,PT_Transjakarta
Deayyy_23,BerburuSale
Yhad61090993,ganjarpranowo
sephiiaaaaa,bukan_afil
queenyeje,ranggafrds
queenyeje,PT_Transjakarta
RiskiNandaa,black__valley1
K1ngPurw4,detikcom
bkdjatengprov,ganjarpranowo
Herrreza,Aryprasetyo85
Herrreza,detikcom
Herrreza,kompascom
dewatanata,ranggafrds
dewatanata,PT_Transjakarta
SartonoHutomo,Demokrat_TV
SartonoHutomo,Pacitanku
SartonoHutomo,novrizal_dedi
http_xoo,ranggafrds
http_xoo,PT_Transjakarta
syennaal,black__valley1
dad_somantri,ganjarpranowo
Barna_byo,humaira679
sspsiwid,indomiesedaapp
sspsiwid,indomiesedaapp
llalalaalisa_m,jutelk
HanefiMamiLazia,FelixlasinT21
HanefiMamiLazia,illusiongirl__
HanefiMamiLazia,memefess
sigialia,adjisdoaibu
Tumbrasss,tanotoeducation
Tumbrasss,EnggalPMT
amandavenska2,ranggafrds
amandavenska2,PT_Transjakarta
putrialice_,BerburuSale
kunBRYANSMITH,HambaAllah_2204
kunBRYANSMITH,edimaha233
__So3daRNo,ganjarpranowo
__So3daRNo,sherpa701
__So3daRNo,LaskarBerbagi_K
__So3daRNo,BahriBpp
Bagazfie,Cintamawar14
RamdhaniBrutus,PerawatNKRI
diarydevy,ranggafrds
diarydevy,PT_Transjakarta
woottadda,ranggafrds
woottadda,PT_Transjakarta
walktothemoon__,woohiterose
Mbakmjiyut,Aryprasetyo85
PurbaHermanto,renaldypjs
aguscity,ganjarpranowo
NKRIndonesia79,erna_st
arekkost,shitlicious
nomoretearzzz,ranggafrds
nomoretearzzz,PT_Transjakarta
Oyoyoyis,ranggafrds
Oyoyoyis,PT_Transjakarta
Putra_F4jar,EnggalPMT
yayankMKY_MUfc,Nandagilang9
seoksation,ranggafrds
seoksation,PT_Transjakarta
RosaRosaniasari,PolitikToday
RosaRosaniasari,novrizal_dedi
RosaRosaniasari,BNPB_Indonesia
Aprizalijal90,Kemenparekraf
juventini_3rwin,Anak_Perantau10
juventini_3rwin,aniesbaswedan
twitkocheng,ranggafrds
twitkocheng,PT_Transjakarta
Noerzam0190,PerawatNKRI
fzbitch,gIowink
tempodotco,terasid
yuyunysrn,BerburuSale
zuriswanfajri,abi_ranata
zuriswanfajri,kafiradikalis
zuriswanfajri,jokowi
zuriswanfajri,AryaSinulingga
Doni_ardo,__Effendi__
wahyonoisnaeni1,Htmnparis
DubesWakanda,Aryprasetyo85
iwearzule,iwearzule
bud1_f1,Aryprasetyo85
arinatri,koruptorbejato
arinatri,CNNIndonesia
arinatri,jokowi
kakdidik13,ridwankamil
canzyeoI,Iirenerv_
canzyeoI,canzyeoI
Suprianto187,EnggalPMT
kaaaaric,skincare_idn
BoBaCksLasH,erna_st
approdhitte,ganjarpranowo
ernithea74,MAIAsangJUARA
DianMarliniS,pitato_
bilyuners,nasyrhnr
rullyjoo2772LX,FirzaHusain
BlSenja,MAIAsangJUARA
ditut,theresia1790
ditut,sheknowshoney
YosuanormanR,Tikaevii
ajojuki,erna_st
ajojuki,EnggalPMT
abangbelneg,03__nakula
nikentys,fathonimn
AlfhWndi,BerburuSale
gIowink,fzbitch
68Afz,Ai_Alwii_
68Afz,tribunnews
68Afz,tribunnews
68Afz,tatakujiyati
68Afz,DukeCondet
68Afz,__Effendi__
chocoIova,winwinsbaobei
gubernurkoplak,MAIAsangJUARA
dirgantra00,renaldypjs
Adi_Wicaksono,heruprayud1
Adi_Wicaksono,ismailfahmi
Adi_Wicaksono,erna_st
orangjahadd,BerburuSale
nurmilawatii,BEMUnhas
visiau,SabdapanditaI
visiau,Muammal201
visiau,ganjarpranowo
GunsGunaran,KomengMC
GunsGunaran,Kesit_
GunsGunaran,MigaWempy
GunsGunaran,TeWeL7
GunsGunaran,Piala96676876
AyuAnissyaa,ngombekopii
davitttts,03__nakula
aewin86,pitato_
trianadewi_td,KemenkesRI
trianadewi_td,KAI121
RezkyRamadhanov,TitoKlasik
RezkyRamadhanov,RezkyRamadhanov
Cheeetozt,risckytama_
pikobar,ataliapr
pikobar,ridwankamil
PARTAI_HARIMAU,EnggalPMT
notforkidsz,ohferoo
caiiiyyy,Nandagilang9
anggeeladivya,VfashionShop1
euwnsang,strwberrcy
euwnsang,euwnsang
euwnsang,yyejjiw
euwnsang,euwnsang
Lanangjagad21,Aryprasetyo85
terasid,terasid
panoramaKP,panoramaKP
baca_tanda,HambaAllah_2204
Mysukmana,InfoUngaran
BukanMumuuun,humasjabar
BukanMumuuun,ata_lia
Back_cool_Tempe,Aryprasetyo85
Akmal39053030,adisaelangiID
NelfidaD,Nandagilang9
NelfidaD,kebijakananies
IdaAyuDewiBulan,HambaAllah_2204
IdaAyuDewiBulan,BNPB_Indonesia
IdaAyuDewiBulan,PerawatNKRI
yohandewa,PerawatNKRI
bspopenoffice,PerawatNKRI
bspopenoffice,Pemburu989
DydhotLoveMy_86,renaldypjs
DydhotLoveMy_86,notesrindu
DydhotLoveMy_86,mala_farel
DydhotLoveMy_86,Bangetsiiih
DydhotLoveMy_86,wahongsda
DydhotLoveMy_86,sagittariouss_
DydhotLoveMy_86,NikenBagus
DydhotLoveMy_86,intanamandar12
DydhotLoveMy_86,darmanaji
DydhotLoveMy_86,MisRitaKalang
DydhotLoveMy_86,renaldypjs
DydhotLoveMy_86,renaldypjs
DydhotLoveMy_86,renaldypjs
DydhotLoveMy_86,notesrindu
DydhotLoveMy_86,DydhotLoveMy_86
DydhotLoveMy_86,mala_farel
kukuh_Mahenz,afar_ol4n
scoobindoo,RacunBelanja
pakdhe_beja,black__valley1
HakimGarisLurus,SalmaBrecht
HakimGarisLurus,aniesbaswedan
HakimGarisLurus,aagym
HakimGarisLurus,ganjarpranowo
bocahgembalaa,yoursassyyy
Nana_Rosaa_,WagimanDeep212
Nana_Rosaa_,WagimanDeep212
Nana_Rosaa_,ganjarpranowo
Nana_Rosaa_,LaskarBerbagi_K
Nana_Rosaa_,WagimanDeep212
Nana_Rosaa_,RoroMenduttt_
woodzjpeg,sepritcola
humasjabar,ata_lia
humasjabar,ridwankamil
wibisonho,black__valley1
jooniebinie,Lostaehyung_
_Dewaruci_,Aryprasetyo85
_Dewaruci_,triwul82
_Dewaruci_,NegaraAPI2
_Dewaruci_,SalmaBrecht
_Dewaruci_,aniesbaswedan
_Dewaruci_,aagym
_Dewaruci_,03__nakula
_Dewaruci_,FirzaHusain
michelleyski,black__valley1
Bangmull5,WagimanDeep212
Bangmull5,LaskarBerbagi_K
ada_iwan,LerengSelatan
ada_iwan,EnggalPMT
saifons2,diahkusumo_
saifons2,zoel_dmq
sayadito,kaskuff
lilfreaksss,Kota_Tangerang
rommyroxell,FirzaHusain
LinaMufidah4,Kota_Tangerang
LinaMufidah4,hipwee
VredeAarde,SalmaBrecht
VredeAarde,aniesbaswedan
VredeAarde,aagym
zvanyathee,badiapcitra
zvanyathee,NUESTORIES
TitoKlasik,RezkyRamadhanov
rinmartina,kurawa
rinmartina,kurawa
vantaeramm,lolakookie17
mochaccinoxx,nebulaabilz
AzizFadhillah,__Effendi__
AzizFadhillah,logic_editor
AzizFadhillah,ganjarpranowo
AzizFadhillah,EnggalPMT
martabaqcheese,sususepii
Amy_Anwar,AbadBray
wawa_ibrahim_,BuddhisGL
Hariztsyah_14,Hariztsyah_14
lucifferkicci,WagimanDeep212
lucifferkicci,LaskarBerbagi_K
lucifferkicci,WagimanDeep212
lucifferkicci,LaskarBerbagi_K
lucifferkicci,BahriBpp
lucifferkicci,BahriBpp
lucifferkicci,LaskarBerbagi_K
lucifferkicci,LaskarBerbagi_K
lucifferkicci,BahriBpp
lucifferkicci,Dee_01984
lucifferkicci,LaskarBerbagi_K
lucifferkicci,WagimanDeep212
lucifferkicci,WagimanDeep212
MarinusWaruwu1,fadjroeL
Adiitoo,InfoUngaran
DimitriYusuf,ErvineKiddies
DimitriYusuf,vierda
kotaserui,ganjarpranowo
kotaserui,InfoUngaran
mantriss,kirekswasta
adtaufiq,kirekswasta
cubby_ghum,DukeCondet
Noto4ti,Pemburu989
Anyer_Fury,HambaAllah_2204
Adhit_1909,TsamaraDKI
Adhit_1909,jokowi
imbangimedia,erna_st
imbangimedia,HambaAllah_2204
dfrnm,ganjarpranowo
notesrindu,renaldypjs
notesrindu,notesrindu
notesrindu,DydhotLoveMy_86
notesrindu,mala_farel
blossom22__,masker_bedah
hendy6669,Aryprasetyo85
gus_von_diajie,Dee_01984
gus_von_diajie,BuddhisGL
PInSemar,ganjarpranowo
indomilc,champsugarpagne
bukankakak,DANajasih
akuitusianu,Nandagilang9
yourlustlove,RacunBelanja
yourlustlove,nasyrhnr
edpohan,YouTube
haniisn_,VfashionShop1
haniisn_,VfashionShop1
haniisn_,VfashionShop1
Takadacinta,ganjarpranowo
howdeeply,wordfangs
YustinaRahayu3,Aryprasetyo85
asfan_iliadi,EnggalPMT
SoejatnoSoejadi,Aryprasetyo85
ayusumedi,Mr_703n4_______
isna72rosyid,WagimanDeep212
isna72rosyid,WagimanDeep212
felim20000,WagimanDeep212
RizkaIrawan4,Aryprasetyo85
dxhp__,widyafhh
indragiri313,HukumDan
achzam_prabu,Aryprasetyo85
achzam_prabu,ganjarpranowo
bucyenjaemin,RacunBelanja
ngecelline,prasaltyo
ngecelline,rezakabae
Partono_ADjem,Miss_Rebella
Partono_ADjem,Partono_ADjem
cocachele,cutendas
cocachele,thalyairham
Alfianadicandra,Cacacino_
jehianps,stevanuswibii
jehianps,jehianps
R_GUN4W4N,Widyarenee
PLullua,LaskarBerbagi_K
PLullua,BahriBpp
PLullua,LaskarBerbagi_K
PLullua,BahriBpp
tiaagustine235,DenyAbdhi_
TofaTofa_id,FazrienBayu
TaurusAdalahAku,PerawatNKRI
JavazAbu,HukumDan
aiyu_asayaka,tumerics
aiyu_asayaka,regarfield
shintajulianaa,ridwankamil
FelipeSwanstAU,__Effendi__
FelipeSwanstAU,ballambinlove
FelipeSwanstAU,bibin_bey
FelipeSwanstAU,hedisbangkok
FelipeSwanstAU,ganjarpranowo
FelipeSwanstAU,EnggalPMT
menyoutrust,ganjarpranowo
_ANDRE__OCTA_,RoroMenduttt_
_ANDRE__OCTA_,Nana_Rosaa_
_ANDRE__OCTA_,WagimanDeep212
_ANDRE__OCTA_,ganjarpranowo
_ANDRE__OCTA_,LaskarBerbagi_K
MochAskar1,MAIAsangJUARA
JaVu321,EtekewerNyengir
JaVu321,Widyarenee
cadarmerah,HambaAllah_2204
Rismakilla,Krowbar13
Rismakilla,ranggarila
Rismakilla,Rismakilla
Rismakilla,ismailfahmi
Lentera28720770,aksararin
BasulthanahOet,demoSoCRAZY
BasulthanahOet,AdamasBelva
jelymonalisa,AndreasPevita
Iwandowski26,ganjarpranowo
Sidik_Best,pemkotdepok
aditpanjie,cudikbjah
aditpanjie,cudikbjah
bvtterange,haikallleee
ZulkiflyAChalik,Nandagilang9
tasyaarnett,lcshaeyadwae
BTSARMY1TEAM,BTS_twt
trhowzy,peachluvyy
Arkarna007,mochamadarip
faried58022486,HambaAllah_2204
faried58022486,HukumDan
billy_rania,Ai_Alwii_
ardiansyahtea,MAIAsangJUARA
ardiansyahtea,ridwankamil
pentauaj,stcrmz
nadeuldang,suinn92_
Lord_Sakto,black__valley1
kak_kluet,akujodohkamuuu
kak_kluet,estu_18_
SmurfKacau,ganjarpranowo
amru_rohman,EnggalPMT
ZoneVenomWar,MAIAsangJUARA
AliLenon1,Dee_01984
AliLenon1,kurawa
BDO_AP2,AngkasaPura_2
rezakabae,ngecelline
Vairply_13,ganjarpranowo
Vairply_13,Vairply_13
Vairply_13,ganjarpranowo
Brunowicaksono,MAIAsangJUARA
maspaushitam,Aryprasetyo85
anaswongkamfung,Nandagilang9
Saidsuharto4,Aryprasetyo85
euis_jn,ImasAmaliaW
euis_jn,Ladrinaline
Owi_Owl,merdekadotcom
curseddgirll,Purbaeee
KomengMC,LaskarBerbagi_K
KomengMC,BahriBpp
KomengMC,Kesit_
KomengMC,MigaWempy
KomengMC,TeWeL7
KomengMC,Piala96676876
diffLlik,kompascom
diffLlik,kompascom
diffLlik,kompascom
Zheyenkkuh,LaskarBerbagi_K
Zheyenkkuh,BahriBpp
Zheyenkkuh,LaskarBerbagi_K
Zheyenkkuh,BahriBpp
kitsiangfreddy,MAIAsangJUARA
BangGodham,PerawatNKRI
BangGodham,Mr_703n4_______
BangGodham,__Effendi__
kangmirdja,Azzarenkagabril
kangmirdja,hendrarprihadi
kangmirdja,poldajateng_
meroket_tinggi,orleysentpp
Koces871,EnggalPMT
FitRadioBandung,jokowi
FitRadioBandung,setkabgoid
Oposisi46,EnggalPMT
AmpunNakal,losdorrr_
AmpunNakal,yowesss_maapp
AmpunNakal,KulinoDewee
Victor_Tian17,sherpa701
novhhe02,black__valley1
novhhe02,ganjarpranowo
Putri_anwar24,palangmerah
agussusenoitonk,black__valley1
auliasariiprtw2,auliasariiprtw2
orleysentpp,raeni567
InterClubIndo,ICI_Jogja
azpalkthea,MAIAsangJUARA
azpalkthea,PerawatNKRI
datukpancilok,Ndon_isBack
Apriil68,WagimanDeep212
Apriil68,LaskarBerbagi_K
Apriil68,LaskarBerbagi_K
Apriil68,BahriBpp
Apriil68,LaskarBerbagi_K
Apriil68,BahriBpp
Apriil68,WagimanDeep212
wibisono504,SBYudhoyono
fucias,BerburuSale
LBngtn,Sunarmy3
rykarlsen,nu_online
huangsexi,qnafess
ngonlain,ganjarpranowo
iluvatar188,black__valley1
hasan_erizal,black__valley1
evienms,RacunBelanja
sncadvntr,Auzty
sncadvntr,cariapahayo
IniMagelangKu,BorobudurNews_
MAliSubhan2,elKoRnHurry
MAliSubhan2,LaskarBerbagi_K
MAliSubhan2,BahriBpp
susukntlmaniez,bymell
MrReady3,JaneSha_111
MrReady3,PDemokrat
JusufMuslim,03__nakula
bymell,susukntlmaniez
su7loo,Aryprasetyo85
al_gharizah0497,ganjarpranowo
yusrilkhalid,giewahyudi
triwul82,aisyaalfatimah
DukeCondet,DukeCondet
DukeCondet,afar_ol4n
DukeCondet,Fajar_al_fakir
777juniblack,WagimanDeep212
sherpa701,LaskarBerbagi_K
sherpa701,BahriBpp
sherpa701,WagimanDeep212
KanjengMamiRatu,JackVardan
haryazid,__Effendi__
_d3nmas_ajah,sherpa701
beeHamada1,HambaAllah_2204
skyunapcy,bloomingkwon
kimtaeyunggg,nasyrhnr
ssheilyhs,tiamohyungki
seduhsudahsedih,cursedkidd
Konco_82,tatakujiyati
akugem0oi,ihtykel
akugem0oi,bacotanyng
akugem0oi,dickydonkey
ziqraalridho,logic_editor
ziqraalridho,ganjarpranowo
SophiaNerissa,__Effendi__
LenjelMelah,WagimanDeep212
LenjelMelah,WagimanDeep212
Miawhime,__Effendi__
AllenIsUrCrush,ridwankamil
dreclarkson,risckytama_
majisyafii,Aryprasetyo85
adrianSP75,BuddhisGL
adrianSP75,WagimanDeep212
apsijnk,Youwiska
httpsbgyedam,Iiburan
httpsbgyedam,Asknonym
mieayamgvrll,subtanyarl
JoCovid_19,conan_idn
JoCovid_19,ganjarpranowo
sifa_fauzia,handokotjung
santuygirl,ridwankamil
mohfajarsatria,EnggalPMT
77bayoe,WagimanDeep212
77bayoe,Metro_TV
77bayoe,WagimanDeep212
DianVeei,BuddhisGL
luthz_,DukeCondet
bokulos_,black__valley1
honeyblo0m,ohmybeautybank
abu_waras,agus3widodo2020
abu_waras,pion_praponco
abu_waras,tan_markonah
abu_waras,Cobeh09
abu_waras,utuntauk
abu_waras,UtuhWibowo
abu_waras,panca66
abu_waras,DonAdam68
abu_waras,PresidenKopi
abu_waras,mas__piyuuu
pecintamilooo,manusiaahebatt
Widiast32861669,black__valley1
fankych,kompascom
upilitilia,Meril_Qurniawan
upilitilia,WagimanDeep212
upilitilia,Dee_01984
BagusTeddy,JNECare
khikman17,ridwankamil
khikman17,ganjarpranowo
gendul17,EnggalPMT
Apinksjn,kompascom
supernovaAU,fahrissadya
rvnkna,niid_na
Ichulk_1225,Aryprasetyo85
KingJava12,HambaAllah_2204
kabarsleman,Arisusnto_
oreoyuu,ganjarpranowo
CHai_dicky1,kurawa
Ayah_Nahl,KompasTV
Ayah_Nahl,ridwankamil
ummiLina2,black__valley1
BerburuSale,BerburuSale
Abuz_Zahra,black__valley1
RebornSpidey,ChristWamea
ChusjairiMb,MAIAsangJUARA
BaeNapo,black__valley1
RizaRidho,Aryprasetyo85
100aloeveragel,VfashionShop1
100aloeveragel,VfashionShop1
100aloeveragel,VfashionShop1
100aloeveragel,VfashionShop1
mbahpat,Mr_703n4_______
andrigunardiii,gitayo_
KokohEmesh,Masker_Hitam
atemalem,ridwankamil
atemalem,dodon_jerry
atemalem,atemalem
Juanes_baretta,Mr_703n4_______
Juanes_baretta,Resty23189880
muftidakota,ganjarpranowo
Airin_NZ,mochamadarip
0rang,p_politik
RiriJreeng,ganjarpranowo
RiriJreeng,03__nakula
RiriJreeng,kurawa
yhi2e,HukumDan
yhi2e,DukeCondet
yhi2e,__Effendi__
nadaayyyyy,ganjarpranowo
hedy_minoz,Fitry_Fitros
kitkitttin,kompascom
Stevaniehuangg,deivanriza
bukandeng,RacunBelanja
ulyszm,Nandagilang9
ika7MRC,Paltiwest
Restums_,black__valley1
JokoHQ,Aryprasetyo85
ohkawaiipotats,kochengfess
urrcrrush,squidwardfess
superUnknownnn,Aryprasetyo85
OktafaPrimana,swaskitaa
Rs_Tugurejo,dinkesjateng
FMasriati,usembassyjkt
FMasriati,afar_ol4n
methionien,dnurrhmh
chominryung,nasyrhnr
sikecilmarmut,mithawulanna
atre7,Nandagilang9
anamseL_A,tatakujiyati
Lundaye1,kurawa
RizkiR4madani,Aryprasetyo85
RizkiR4madani,Dwitanto22
Abby_Budiyono97,Dee_01984
Abby_Budiyono97,LaskarBerbagi_K
Abby_Budiyono97,WagimanDeep212
Abby_Budiyono97,LaskarBerbagi_K
Abby_Budiyono97,BahriBpp
reenafedeyka,EnggalPMT
akujodohkamuuu,kak_kluet
akujodohkamuuu,estu_18_
sceneryofhope,HOBlFILTER
wntrbear_,ganjarpranowo
happygursl,RacunBelanja
riskygapake_z,03__nakula
cah_rusak,LaskarBerbagi_K
cah_rusak,BahriBpp
cah_rusak,RoroMenduttt_
cah_rusak,AriestaRiico
cah_rusak,ridwankamil
cah_rusak,LaskarBerbagi_K
cah_rusak,WagimanDeep212
DjengNoni,H471KU
DjengNoni,2019JokowiLNJT
DjengNoni,2019JokowiLNJT
hasbunallah,ganjarpranowo
jeno1overs,Hi_Goldenness
TRCBPBDDIY,PawiroPutu
TRCBPBDDIY,PemkotJogja
MOTION975FM,kompascom
susan1612,EnggalPMT
susan1612,HmsKetum
susan1612,abigailmrld
susan1612,EnggalPMT
mfauzirizal82,vierda
0J0cuk,EnggalPMT
0J0cuk,DukeCondet
agungmurdifi,ridwankamil
agungmurdifi,kumparan
oyok_712,RadioElshinta
oyok_712,TMCPoldaMetro
oyok_712,Mr_703n4_______
Qolybri_8216,DukeCondet
Qolybri_8216,HukumDan
ray_indra,helmihelmi
noval_ard21,EnggalPMT
krupuktengik,MamaOrganic25
krupuktengik,dRockError
permaisuriputih,caesar9909
emper0rhwangie,ohmynyoongs
marionyola,Gdvbs_
Dh4nieLee,kompascom
Official_OGI,EnggalPMT
VisionGlobal18,__Effendi__
nadeongi,YUVINSG
nadeongi,wuuddadda
bsempit,dnamfkg
aprilliaaph,ganjarpranowo
donaaaatjco,nasyrhnr
charine_ine,nasyrhnr
gacdis,chanyeolpwrk
SuwitoRobby,kebijakananies
Dee_Lantang,EnggalPMT
Sofy_Beeeeee,LaskarBerbagi_K
Sofy_Beeeeee,BahriBpp
ghazyalfarras,ganjarpranowo
ghazyalfarras,kochengfess
___bangjuna02__,Mr_703n4_______
BIDHUMASKALBAR,reskrimkuburaya
awanmalangit,ridwankamil
supriyanto77,ganjarpranowo
__Al_Quds______,Mr_703n4_______
argesh_suta,tribunnews
argesh_suta,tribunnews
toranaga3000,HukumDan
toranaga3000,EnggalPMT
pandebaik,BuddhisGL
Ndoro_Raghil,IntelijenF
CWB_NGO,TMCPoldaMetro
CWB_NGO,TMCPoldaMetro
4smara1701,ChristWamea
izalhasta,DukeCondet
MbahMangir,OmBrewoks3
MbahMangir,ganjarpranowo
dtwrdtm,ganjarpranowo
kentangkicil,ganjarpranowo
karshowno92,CANDAdanBISNIS
karshowno92,ganjarpranowo
itsmepentol,brokoligoreng
itsmepentol,disk0nfess
JFateh_K,EnggalPMT
HarapanBaru16,EnggalPMT
TrioMacari2000,Widyarenee
cherryblsms_,giewahyudi
Moeslim84929742,__Effendi__
dorasipetualang,bogalbogel
muispebrianto,LaskarBerbagi_K
muispebrianto,BahriBpp
muispebrianto,LaskarBerbagi_K
muispebrianto,BahriBpp
EdyGypsum,MAIAsangJUARA
AlfianMiraza,EnggalPMT
fitridamrdn,Rj_difa
jaehwadn,krystuljang
jaehwadn,kejaehwan
jhon_hancock77,DukeCondet
Hamka_Kdz,abigailmrld
Hamka_Kdz,EnggalPMT
bpbd_ntb,BNPB_Indonesia
Arya29449000,AGoeci
Arya29449000,sosmedbw
akumantepbgt,illegalmoves
Taula_,Nandagilang9
Prasetya_Delta,Nandagilang9
mBayu_prasetypo,gitayo_
alansuparlan,gitayo_
iqutinweh,upilsingaa
miyselarwoter,squidwardfess
tecaa_,ganjarpranowo
galihnasucha,ganjarpranowo
rufuiya,ganjarpranowo
disporaparjtg,ganjarpranowo
binasalim,voaislam
UripSucipto2,ganjarpranowo
DavidKanata,mochamadarip
aalfid,ganjarpranowo
illegalmoves,akumantepbgt
harsono_afen_,Nandagilang9
JOKOAS,edimaha233
RoellyRosuli,fadjroeL
RoellyRosuli,WagimanDeep212
Fredy_Santana01,HukumDan
Fredy_Santana01,EnggalPMT
_Umamlik,MAIAsangJUARA
_Umamlik,ganjarpranowo
elsftrt,ganjarpranowo
LaskarBerbagi_K,WagimanDeep212
LaskarBerbagi_K,BahriBpp
LaskarBerbagi_K,BahriBpp
LaskarBerbagi_K,WagimanDeep212
LaskarBerbagi_K,LaskarBerbagi_K
LaskarBerbagi_K,Dee_01984
LaskarBerbagi_K,LaskarBerbagi_K
LaskarBerbagi_K,WagimanDeep212
LaskarBerbagi_K,BahriBpp
LaskarBerbagi_K,LaskarBerbagi_K
m_natsirdmokrat,teukuriefky_1
m_natsirdmokrat,DPR_RI
m_natsirdmokrat,PDemokrat
m_natsirdmokrat,PDemokrat
m_natsirdmokrat,m_natsirdmokrat
m_natsirdmokrat,teukuriefky_1
m_natsirdmokrat,DPR_RI
m_natsirdmokrat,PDemokrat
akulahREZA,ganjarpranowo
JackVardan,heruprayud1
JackVardan,ismailfahmi
sstttdiem,squidwardfess
natonatnat,ganjarpranowo
amasna,DragonoHalim
kadrun77853825,kurawa
kadrun77853825,MAIAsangJUARA
p4pi11on,pemikir5
p4pi11on,vierda
p4pi11on,p4pi11on
visserro,KemenkesRI
TaselaUpdate,drewJunot
TaselaUpdate,TaselaUpdate
AnakLolina,WagimanDeep212
trimasgetir_,helmihelmi
gunoto7,MAIAsangJUARA
twooya,RacunBelanja
volumebalok,RacunBelanja
KubuSebelah,Htmnparis
ranggarila,Rismakilla
ranggarila,ismailfahmi
andyjie09,EnggalPMT
AbdulAzizlatte,Nandagilang9
Tony_HeXa,HukumDan
barengarkananta,Nandagilang9
barengarkananta,EnggalPMT
menejermekdi,darjofess
bbuterlies,aaaaaacrush
gano_lmntry,abdulreza888
gano_lmntry,durikaktus09
PelatihTiduran,Aquarius___17
PelatihTiduran,CNNIndonesia
P3nj3l4j4h_id,Airin_NZ
bamz45,Nandagilang9
sitaplana,kompascom
coogie0I23,vajijay
royoppu,ridwankamil
JD80Batavia94,HambaAllah_2204
hennyindah1404,MAIAsangJUARA
garda_nuza,DukeCondet
KERISYANT0,caturoiin
etjon5,MAIAsangJUARA
BahriBpp,LaskarBerbagi_K
BahriBpp,LaskarBerbagi_K
Henz_RIS09,GalihTengil
Henz_RIS09,Muammal201
Henz_RIS09,ganjarpranowo
jmnrul,TMCPoldaMetro
jmnrul,BNPB_Indonesia
kelpshake8,novembernaw
KompasTV_Mks,tribunnews
KompasTV_Mks,tribunnews
seruanhl,AriestaRiico
seruanhl,ridwankamil
Shooky20036350,hollyoongi93_
Shooky20036350,hollyoongi93_
eben_heizer,MAIAsangJUARA
Lucky_W01,LaskarBerbagi_K
Lucky_W01,BahriBpp
Lucky_W01,LaskarBerbagi_K
Lucky_W01,BahriBpp
ekoadji,aw3126
ekoadji,jokowi
Fhirahmi13,PT_Transjakarta
abyalif74_noni,EnggalPMT
Na_Aleeya,AngkasaPura_2
IndonesiaR4Y4,BuddhisGL
DEDKYL,Widyarenee
hendra81433560,MAIAsangJUARA
ratnatiwiy,cliefb
baekbac0n,Nandagilang9
PendakiJakarta,palangmerah
PendakiJakarta,palangmerah
sangjuwita,hawinhawhaw
neosilver5,iiflatifahka
neosilver5,Latheris33
neosilver5,MAIAsangJUARA
hayrossy_,ajengyesy
dodon_jerry,atemalem
dodon_jerry,venustweets
abglhfthlh,hivoltescargot
watanabemine,Nandagilang9
latiansya,D4tuk_T4mburin
garrettpopkorn,tribunnews
garrettpopkorn,tribunnews
JilbobSexy,BOJAKSEL
JilbobSexy,availvcs
JilbobSexy,CamSex
JilbobSexy,bojakpus
JilbobSexy,BoJaktim
JilbobSexy,BisyarBogor
JilbobSexy,bobekasi
JilbobSexy,BoJakut
JilbobSexy,mukenah3
JilbobSexy,openvcs
JilbobSexy,ChasterNo
JilbobSexy,BB88B__
ApinaJsiti_o,IbrahimAzzaini
gurutua7,HukumDan
defitafide,defitafide
FirdaSyeban,Karinbahary2
rifqirahel,mbaiyahh
tumbursahatap,ridwankamil
orthodogg,canqtip
dian_athena,HukumDan
Nruulll,Dee_01984
Nruulll,LaskarBerbagi_K
Nruulll,BahriBpp
azzfrrvll_,treasuremembers
_madsure,ari_trismana
ElsaMartina2,tribunnews
ElsaMartina2,tribunnews
Widas_Satyo,felleeey
blackpink828,kompascom
thisamaliap,panpanduut
thisamaliap,ohmybeautybank
putriteratai25,MAIAsangJUARA
AWChuz,mochamadarip
disasterjun,canqtip
ImamBukhori7701,silenthug_
uspicasso,radenrauf
heyaaven,Nandagilang9
BayuAndie,AdindaElizabet1
BayuAndie,AlangBa60765970
masker_langka,Julianmj_
AgbaKristiyanto,WagimanDeep212
Satyadjogja_,MAIAsangJUARA
Reiza_Patters,PDemokrat
Reiza_Patters,__Effendi__
Rabbiyaya,arcxna
kicepkicep,kompascom
YaziedOranje,olinriza
ik_marem,Coupzi8_ID
jngkelin,tahub0lat
mayafarrell21,joe_dynto
mayafarrell21,kerrigan_uti
mayafarrell21,ganjarpranowo
mayafarrell21,jokowi
susidiansafitri,EnggalPMT
robikinemhas,PPLPBINU
Dwitanto22,ganjarpranowo
Dwitanto22,Penyuka_ombak
Dwitanto22,RAISYAELBIX1
endrosulistya,MAIAsangJUARA
SudionoTambun,Aco_azoel
Andreospagiez,0809Mawar
Andreospagiez,0809Mawar
jicohu,liptmint
jicohu,jicohu
marSyaheedAS,EnggalPMT
13MyDiamonds_,coupssxx
Niall_Ward,FirzaHusain
ErvineKiddies,nourafay
umam_chaerul,conan_idn
umam_chaerul,ganjarpranowo
umam_chaerul,InfoUngaran
umam_chaerul,logic_editor
umam_chaerul,ganjarpranowo
umam_chaerul,bangyupi_006
umam_chaerul,MochatmaW
umam_chaerul,ganjarpranowo
umam_chaerul,EnggalPMT
hoerangii,sseungminssi
Ze_sukma,Paltiwest
_Ti_Sultan_,kumparan
Clarra_Catz,afar_ol4n
gulaliiiiiiii,kismin666oys
oyoyway,DraftAnakUnpad
mataramnews_id,mataramnews_id
YRadianto,arjuno_ireng01
infomitigasi,BPBD_KabJepara
infomitigasi,BNPB_Indonesia
voyezou,Nandagilang9
donnyninik,kompascom
rizkimono_,apakatabidan
adeuny,KemenkesRI
selenach__,DukeCondet
tmblrvoc,ohmybeautybank
luviku,DudyDam_
luviku,luviku
Coupzi8_ID,pledis_17
poutwy,ohmybeautybank
DewiLia02,nunuril_
DewiLia02,MAIAsangJUARA
raychandran,gitayo_
eldiansyaaah,CNNIndonesia
pamungkas82,EnggalPMT
EndlessB_506,EndlessB_506
MuhammadiyinGL,CNNIndonesia
BapaoRasaCoklat,ohmybeautybank
denisanjaya___,gitayo_
AdhitLan,gojekindonesia
diqosaurus,orleysentpp
Robert_Mosses2,arjuno_ireng01
es_raharjo,kompascom
ariesta_sk89,MAIAsangJUARA
fairywoodpprink,joyofpepperland
Isantichandra90,afar_ol4n
Detektif_Ngibul,Airin_NZ
milapohan,RatnaHapsari02
DudyDam_,nowymycat
DudyDam_,luviku
koecing_belang,Yeyen41020695
koecing_belang,LenjelMelah
koecing_belang,0_5dewa
koecing_belang,_antaresh
koecing_belang,TheArieAir
koecing_belang,tjhinfar21
koecing_belang,ayah_9garislucu
koecing_belang,hamka_sutra
koecing_belang,hmsafrizalsh
koecing_belang,juventinaElysia
potatolokal,faspoz
brripda,LOUISGANKK
brripda,LOUISGANKK
joezenzie,ganjarpranowo
WargaBanua,KalselToday
Ahra_nuhes,sechansooo
akinkygirl,jiminitrogent
aka_bumi,MAIAsangJUARA
TryVan0_06,tribunnews
TryVan0_06,tribunnews
Ndhra_a,nay7nay7
Ndhra_a,weapons_fire
Mang_Budd,__Effendi__
AndiSuraja,na70_cori
tribunnews,tribunnews
BisaSiapaSaja1,EnggalPMT
Veroberoz,na70_cori
aryayuda_7,memefess
yayayayah8,txtdrindomy
nevxiys,alwaysscare
iAmLogan95,NasDem
HandayaniRin,MAIAsangJUARA
EpulAbie,gitayo_
bayuagni_,alfagumilang
belleqharu,treasuremembers
belleqharu,kyualasleep
amanda_batrisya,EnggalPMT
ramotgun,mayafarrell21
ramotgun,ganjarpranowo
ramotgun,jokowi
ramotgun,salima252
ramotgun,ganjarpranowo
cokiegig88,MAIAsangJUARA
abangrayeuk,DivHumas_Polri
tekoluweh,logic_editor
tekoluweh,ganjarpranowo
tekoluweh,EndjahH
tekoluweh,Muammal201
tekoluweh,ganjarpranowo
tekoluweh,mayafarrell21
tekoluweh,ganjarpranowo
tekoluweh,jokowi
tekoluweh,salima252
tekoluweh,ganjarpranowo
didienAZHAR,OmBrewoks3
didienAZHAR,ganjarpranowo
SariAnnasia,VeraMisela
peachgreey,tamagochiii
adillaS3,VeraMisela
BundanyaINTANYK,MAIAsangJUARA
noteiqbal,HukumDan
silentreadeer,MAIAsangJUARA
ali_nurlah,Nandagilang9
theWorldOfLie,EnggalPMT
abcaustralia_id,abcaustralia_id
joyofpepperland,fairywoodpprink
MumuyZG,WagimanDeep212
miyeonim,whatherachel
HardBrick77,LerengSelatan
SutariUu111,utuntauk
SutariUu111,utuntauk
enny_endah,wahyuek11574147
enny_endah,enny_endah
enny_endah,KawalCOVID19
enny_endah,BNPB_Indonesia
syahdic016,MAIAsangJUARA
syahdic016,ridwankamil
innovacommunity,TMCPoldaMetro
Hirohitogada,pakdeBins____
dewiirawan13,dfrnm
RMGolddin,sbyfess
stroberifrappe,stroberifrappe
lovewjun,coupssdarl
risma_choi,risma_choi
peachybbiess,iamnotillegurl
Dhesyof,__Effendi__
shapwaa,insidelombok_
NTMCLantasPolri,TMCPoldaMetro
Surya_Nusantara,WagimanDeep212
Surya_Nusantara,WagimanDeep212
imhappyanduknow,iamnotillegurl
UrubingDilah,Nandagilang9
galeriantara,antarafoto
denbilic,Nandagilang9
moodboostrmu,gitayo_
saltyypie,YUtaq0yaqi
FaridYiyit,__Effendi__
Karolina_bee11,Kubrilclbk
Karolina_bee11,Karolina_bee11
Karolina_bee11,SeruniPuspaAlam
Karolina_bee11,mantriss
Karolina_bee11,MasTBP_
Karolina_bee11,Yettidewi
Karolina_bee11,LordRio82
Karolina_bee11,Ari3Pras
Karolina_bee11,anakdesaid
Karolina_bee11,Kubrilclbk
Karolina_bee11,WagimanDeep212
Karolina_bee11,Jateng_Twit
TeyengCekap,MAIAsangJUARA
Karizunique,otakotek
Karizunique,beungeutcloth
subnset,smckiengs
grizzlycoklat,Seblakkodam
Kubrilclbk,Karolina_bee11
Kubrilclbk,SeruniPuspaAlam
Kubrilclbk,mantriss
Kubrilclbk,MasTBP_
Kubrilclbk,Yettidewi
Kubrilclbk,LordRio82
Kubrilclbk,Ari3Pras
Kubrilclbk,anakdesaid
justroseflower,Nandagilang9
menghanyurkan,jiminitrogent
val_k1lmer,Ai_Alwii_
val_k1lmer,Nandagilang9
meg4truh,Nandagilang9
RiuUtomoRizki,Azzarenkagabril
RiuUtomoRizki,hendrarprihadi
RiuUtomoRizki,poldajateng_
cicatrieze,otakotek
cicatrieze,beungeutcloth
tejo52844165,ganjarpranowo
wibowoarry,Generali_ID
tribunmedan,tribunmedan
555masteng,kurawa
AlrasyidAad,aimanricky
kasiskanya,DukeCondet
Young_Tanju4ng,__Effendi__
tabascopepsauce,AGoeci
tabascopepsauce,sosmedbw
nitarose38,desinfektaninaj
nitarose38,galongkucing
smckiengs,subnset
D4D4NGLH,EnggalPMT
Hamjawi1,EnggalPMT
hyry03_,ncitybase_
jgudel2,FirzaHusain
IbrahimGarcia19,EnggalPMT
iqrammirwan,kupitamm
fajar1967,mochamadarip
Rozi_Handri,conan_idn
Rozi_Handri,ganjarpranowo
RonaldLampard8,FirzaHusain
mhrnlm,Partono_ADjem
Hileud16,PerawatNKRI
djamtjoek,Soviyas21
djamtjoek,djamtjoek
AchmadyaniAy70,EnggalPMT
pujanggatanpan1,dewakarbinawa
MahinFatavit,WagimanDeep212
MahinFatavit,WagimanDeep212
MahinFatavit,LaskarBerbagi_K
TjahjadiJudono,FirzaHusain
nyanyihobiku,onedfess
heniunique,BuddhisGL
chrystiantidina,neysamuntheS
irene_devita,radenrauf
beuftiec,LOUISGANKK
f_uthabarat,AriestaRiico
f_uthabarat,ridwankamil
jinlemontae,lolakookie17
Mar33Cj,FirzaHusain
