qronoz,CNNIndonesia
Yuzri_Andrean,CNNIndonesia
Yuzri_Andrean,kumparan
Yuzri_Andrean,kumparan
Yuzri_Andrean,BBCIndonesia
Yuzri_Andrean,CNNIndonesia
Yuzri_Andrean,kumparan
Yuzri_Andrean,kompascom
Yuzri_Andrean,liputan6dotcom
Yuzri_Andrean,liputan6dotcom
Yuzri_Andrean,detikcom
Yuzri_Andrean,kumparan
Yuzri_Andrean,CNNIndonesia
Yuzri_Andrean,VIVAcoid
Yuzri_Andrean,kompascom
Yuzri_Andrean,CNNIndonesia
Yuzri_Andrean,kumparan
Yuzri_Andrean,kumparan
Yuzri_Andrean,VIVAcoid
titiknol_jogja,harisfirdaus
irwan_sahrul,K1ngPurw4
KemenkesRI,DKIJakarta
KemenkesRI,KemenkesRI
KemenkesRI,KemenkesRI
KemenkesRI,KemenkesRI
KemenkesRI,KemenkesRI
putra_nofi,K1ngPurw4
agung_faysm,Berkarya_Info
agung_faysm,podoradong
agung_faysm,aniesbaswedan
anthonibryan,detikcom
anthonibryan,detikcom
ChristWamea,DivHumas_Polri
ChristWamea,kumparan
ChristWamea,ridwankamil
ChristWamea,detikcom
ChristWamea,CNNIndonesia
ChristWamea,liputan6dotcom
ChristWamea,aniesbaswedan
sanrzv,aniesbaswedan
farididoev,aniesbaswedan
ronirustamadji,ridwankamil
ronirustamadji,Lady_Zeebo
trah1967,aniesbaswedan
Rido_Lizze,AchmadAnnama
BarzanyWA,jpnncom
BarzanyWA,aniesbaswedan
Koces871,ustadtengkuzul
rantopram,CNNIndonesia
yunzhu_,kumbanggmrckela
yunzhu_,aniesbaswedan
akunrecehndeso,podoradong
SiAndi_,bos_sir
TedongNag4,Jhonkosmik
TedongNag4,podoradong
TedongNag4,Kanseulir
TedongNag4,aniesbaswedan
Rusly__08,podoradong
Azim_Marekhan,sosmedbw
pratiko09,CNNIndonesia
pratiko09,CNNIndonesia
ElshintaDotcom,TolongJawab
KarimTukih,aniesbaswedan
KarimTukih,4smara1701
KarimTukih,ustadtengkuzul
kikitaroreh,BNPB_Indonesia
kikitaroreh,YRadianto
rusdan_20,yoesoefay
rusdan_20,Dennysiregar7
rusdan_20,dacost78
rusdan_20,MaryanaNunung
rusdan_20,Dennysiregar7
rusdan_20,Ghaussada
rusdan_20,Dennysiregar7
rusdan_20,aurarasika
rusdan_20,Dennysiregar7
jurnalis_selow,jpnncom
jurnalis_selow,jpnncom
jurnalis_selow,jpnncom
jurnalis_selow,Genpi_Co
K3muning_1,TheCoboyRiders_
cahadiyat,podoradong
ophunkdoank,setkabgoid
deintania,IrvanKarta
Itsgldt,CNNIndonesia
Itsgldt,CNNIndonesia
neomubitchy,KemenkesRI
neomubitchy,KemenkesRI
neomubitchy,KemenkesRI
neomubitchy,KemenkesRI
neomubitchy,KemenkesRI
neomubitchy,KemenkesRI
neomubitchy,DKIJakarta
kautsarov,_LachiboNara
napuandini,AboutTNG
AriKasio2,dirgarambe
AriKasio2,K1ngPurw4
AriKasio2,ustadtengkuzul
AriKasio2,BawelNeverDies
AriKasio2,sosmedbw
AriKasio2,SirianaGde
AriKasio2,jokowi
AriKasio2,RomitsuT
umam_chaerul,Gandawan
umam_chaerul,jokowi
umam_chaerul,Berkarya_Info
cangkeureuheun,podoradong
kastamro,aniesbaswedan
Fajar_RAR,Berkarya_Info
Fajar_RAR,K1ngPurw4
Fajar_RAR,aniesbaswedan
Fajar_RAR,podoradong
joxzin72,aya_ddt
joxzin72,Sarah_Pndj
mvhhasan,KemenkesRI
mvhhasan,KemenkesRI
mvhhasan,KemenkesRI
mvhhasan,KemenkesRI
mvhhasan,KemenkesRI
mvhhasan,DKIJakarta
DDRezhaa,demoSoCRAZY
DDRezhaa,aniesbaswedan
DDRezhaa,Mr_703n4_______
yusufrahadi,Iyye
batharacandra,aniesbaswedan
GajahNata,sosmedbw
GajahNata,aniesbaswedan
davidhutauruk,dirgarambe
bangagoengJuga,aniesbaswedan
denyariefendi,podoradong
CiwamP,SalmaBrecht
samymudra,jeremysenduk
samymudra,fadelayy
MuslihatO,podoradong
garethlarosa,cnbcindonesia
kandargalang,bos_sir
LindaYunitta,KemenkesRI
LindaYunitta,KemenkesRI
LindaYunitta,InfoTangsel
LindaYunitta,tangerangnews
rianichay,ridwankamil
ArisGooners,tempodotco
WiberMelayu6,dirgarambe
WiberMelayu6,tijabar
WiberMelayu6,aniesbaswedan
IbrahimGarcia19,dirgarambe
IbrahimGarcia19,podoradong
IbrahimGarcia19,mas__piyuuu
IbrahimGarcia19,ANDINI_MAHARAN1
IbrahimGarcia19,jokowi
IbrahimGarcia19,Kanseulir
IbrahimGarcia19,Berkarya_Info
TitienAndi,aniesbaswedan
Jalur5Info,gojek24jam
Jalur5Info,DamriIndonesia
Jalur5Info,PT_Transjakarta
Jalur5Info,DzakwanFirst
galebm,sanvres
kompascom,kompasiana
kompascom,kompasiana
kompascom,kompasiana
sarifamaisara,kumparan
sarifamaisara,CNNIndonesia
Woohye0n92,SMUTRPY
mama65rocket,ustadtengkuzul
GoesPoer313,kumparan
GoesPoer313,oliviaherlinda
Alvin_BKT,podoradong
Alvin_BKT,demokrasicoid
bekeraza,aniesbaswedan
ayungp2,ridwankamil
Asepseblak,reszzzzzz
poncokarso,Lady_Zeebo
milkykookiss,ridwankamil
milkykookiss,ridwankamil
milkykookiss,ridwankamil
billy_rania,CNNIndonesia
AdeKapalEmas,dpanjul25
AdeKapalEmas,satriohendri
gomberrys,valentinaudreyz
tea_boyo,podoradong
anaswongkamfung,K1ngPurw4
anaswongkamfung,podoradong
anaswongkamfung,Jhonkosmik
anaswongkamfung,dirgarambe
JD80Batavia94,liputan6dotcom
JD80Batavia94,tempodotco
JD80Batavia94,aniesbaswedan
JD80Batavia94,VIVAcoid
JD80Batavia94,tijabar
JD80Batavia94,republikaonline
JD80Batavia94,antaranews
JD80Batavia94,Bisniscom
AchmadShonnyArc,aniesbaswedan
ahayuningtyas,tijabar
Toperendusara1,aniesbaswedan
mingulali,CNNIndonesia
5Maureen5,CNNIndonesia
tempodotco,tempodotco
fourthtill,CNNIndonesia
Indomas66,Lady_Zeebo
Indramajid8,BawelNeverDies
Indramajid8,podoradong
rendyafriandi,cnbcindonesia
heyrara911,AboutTNG
bayu_maz,aniesbaswedan
buyunghestu,tempodotco
molfina14,dirgarambe
rickythong1,Berkarya_Info
andrihasmansyah,Lady_Zeebo
bmserbu,pemkabbantul
hariswijaya1975,hariswijaya1975
hariswijaya1975,SBYudhoyono
hariswijaya1975,AgusYudhoyono
hariswijaya1975,Edhie_Baskoro
hariswijaya1975,hincapandjaitan
hariswijaya1975,isari68
hariswijaya1975,PDemokrat
hariswijaya1975,teukuriefky_1
hariswijaya1975,hariswijaya1975
hariswijaya1975,SBYudhoyono
hariswijaya1975,AgusYudhoyono
hariswijaya1975,Edhie_Baskoro
hariswijaya1975,isari68
hariswijaya1975,hincapandjaitan
hariswijaya1975,PDemokrat
hariswijaya1975,hariswijaya1975
hariswijaya1975,hariswijaya1975
hariswijaya1975,SBYudhoyono
hariswijaya1975,AgusYudhoyono
hariswijaya1975,Edhie_Baskoro
hariswijaya1975,hincapandjaitan
hariswijaya1975,isari68
hariswijaya1975,PDemokrat
hariswijaya1975,SBYudhoyono
hariswijaya1975,AgusYudhoyono
hariswijaya1975,Edhie_Baskoro
hariswijaya1975,hincapandjaitan
hariswijaya1975,isari68
hariswijaya1975,PDemokrat
hariswijaya1975,teukuriefky_1
hariswijaya1975,SBYudhoyono
hariswijaya1975,AgusYudhoyono
hariswijaya1975,Edhie_Baskoro
hariswijaya1975,hincapandjaitan
hariswijaya1975,isari68
hariswijaya1975,PDemokrat
hariswijaya1975,SBYudhoyono
hariswijaya1975,AgusYudhoyono
hariswijaya1975,Edhie_Baskoro
hariswijaya1975,isari68
hariswijaya1975,hincapandjaitan
hariswijaya1975,PDemokrat
hariswijaya1975,hariswijaya1975
Susantotripanji,katadochi
JOKOAS,aniesbaswedan
NKRIndonesia79,aniesbaswedan
NKRIndonesia79,ustadtengkuzul
Juliawid,TirtoID
bambangsoetono,sosmedbw
bambangsoetono,setkabgoid
bambangsoetono,BuruhSiluman
bambangsoetono,dirgarambe
bambangsoetono,tijabar
yatch_as,K1ngPurw4
yatch_as,Kanseulir
SaveMoslem1,aniesbaswedan
PriyadiDeyi,aniesbaswedan
vivi3284,dirgarambe
YakinNurul2,sosmedbw
YakinNurul2,JoemadieH
YakinNurul2,K1ngPurw4
YakinNurul2,podoradong
SIR_Pribadi,Berkarya_Info
chiqui_a,ridwankamil
chiqui_a,yuditadtyaa
jewevlyn,ryxxfa
waruga_,tijabar
waruga_,tijabar
waruga_,demoSoCRAZY
waruga_,Jhonkosmik
oshabbb,aniesbaswedan
Berkahmang,podoradong
PideksoRoyo1,debapirez
PideksoRoyo1,Reiza_Patters
PideksoRoyo1,ridwankamil
PideksoRoyo1,msi_sohibuliman
PideksoRoyo1,noviar24
PideksoRoyo1,jokowi
PideksoRoyo1,K1ngPurw4
Astrdtra,isishaki
koran_metro,YouTube
OfficialiNewsTV,ridwankamil
apriduff63,aniesbaswedan
apriduff63,podoradong
apriduff63,VIVAcoid
lyriahaha,Teh__L
Faylasalle2,AssaMaulana
Faylasalle2,ridwankamil
Faylasalle2,jokowi
Faylasalle2,ustadtengkuzul
Faylasalle2,umaralims
Faylasalle2,podoradong
MissOposisi,BeautyQueen09__
MissOposisi,G4luhK3nc4na
MissOposisi,Queen_Oc09
MissOposisi,Ochi__BQ09
MissOposisi,jokowi
MissOposisi,DivHumas_Polri
MissOposisi,BeautyQueen09__
MissOposisi,AzharMatang
MissOposisi,Ochi__BQ09
MissOposisi,jokowi
MissOposisi,DivHumas_Polri
MissOposisi,ninanarullita
MissOposisi,Ochi__BQ09
MissOposisi,jokowi
MissOposisi,DivHumas_Polri
sudjatmiko_seto,podoradong
PanggihAjP,tangerangnews
PanggihAjP,tangerangnews
HeriSiswadi,Lady_Zeebo
gojekindonesia,dymszy
gojekindonesia,nputrims_
Thoha71509040,SalmaBrecht
cleffabin,BBCIndonesia
infoJATIASIH,wilwillyku
dannydhe,K1ngPurw4
dannydhe,Paltiwest
dannydhe,aniesbaswedan
dannydhe,Paltiwest
dannydhe,ridwankamil
dannydhe,podoradong
DeviAnggrainiL,vctrkmng
allunamaharani,AboutTNG
tangerangnews,tangerangnews
tangerangnews,tangerangnews
tangerangnews,tangerangnews
tangerangnews,tangerangnews
ifanucuyyy,anjarisme
dhelisme,podoradong
laodealfitrah,SalmaBrecht
laodealfitrah,dirgarambe
sikecilmarmut,podoradong
sikecilmarmut,DRespati2
sikecilmarmut,GunturIsmail15
sikecilmarmut,arwidodo
sikecilmarmut,OmBrewoks3
sikecilmarmut,Alazis_naufal
sikecilmarmut,Dodo_RkytBiasa
sikecilmarmut,aniesbaswedan
To_Nyelipvespa,BuruhSiluman
malesmandicom,yosuaandree
didepancangkir,lekopr
didepancangkir,KemenkesRI
didepancangkir,kokokdirgantoro
fik_okeh,DRespati2
fik_okeh,BawelNeverDies
fik_okeh,podoradong
KavindraOemar,dirgarambe
KavindraOemar,podoradong
KavindraOemar,ridwankamil
Garrsett,CNNIndonesia
CamrySlamet,UtuhWibowo
CamrySlamet,aniesbaswedan
CamrySlamet,K1ngPurw4
Rizkikitri_,KanjengMammie
beavis_30,podoradong
adellisme,kegblgnunfaedh
LittleNightSeok,btxtstans
NapiPKS,PTJASAMARGA
bayikmaung,CNNIndonesia
serasan_sekate,TheCoboyRiders_
harsono_afen_,Lady_Zeebo
ahmadjogja,Lady_Zeebo
Upik1610,firmanyursak
Upik1610,tribunnews
Upik1610,dirgarambe
SyairRevolusi,podoradong
SyairRevolusi,ndyArthrunZarra
marifisnaini,lekopr
marifisnaini,KemenkesRI
marifisnaini,kokokdirgantoro
fryahya,podoradong
Arfna1995,Lady_Zeebo
nputrims_,gojekindonesia
nputrims_,GrabID
gusduriantng,AboutTNG
Agusta_515,ReflyHZ
Agusta_515,YouTube
zahidashl,podoradong
AkangEi,tvOneNews
AkangEi,vivanewscom
AkangEi,kumparan
AkangEi,liputan6dotcom
AkangEi,KemenkesRI
AkangEi,KemenkesRI
AkangEi,infocimahiid
AkangEi,BNPB_Indonesia
AkangEi,tvOneNews
kokokdirgantoro,lekopr
kokokdirgantoro,KemenkesRI
kokokdirgantoro,kokokdirgantoro
_decepticon007,podoradong
GagakNew,kompascom
GagakNew,kompascom
GagakNew,p_politik
GagakNew,p_politik
GagakNew,kompascom
huxbby,CNNIndonesia
rayytw,CommuterLine
JojoBinjai,Lady_Zeebo
uyaboira,dirgarambe
vian_eh,SalmaBrecht
Arifin2Zainal,ustadtengkuzul
Arifin2Zainal,K1ngPurw4
datukpancilok,K1ngPurw4
Gandawan,4smara1701
Gandawan,DKIJakarta
Gandawan,idtodayco
Gandawan,pamanWTP
Gandawan,Reiza_Patters
Gandawan,jokowi
Gandawan,Gandawan
mayafarrell21,podoradong
alehts24,ridwankamil
putrimarsellina,PanggilAku_Sanz
putrimarsellina,vctrkmng
VIVAcoid,sahijabcom
VIVAcoid,sahijabcom
VIVAcoid,vivanewscom
VIVAcoid,100kpjcom
VIVAcoid,sahijabcom
VIVAcoid,VIVAlife_
VIVAcoid,vivanewscom
VIVAcoid,vivanewscom
VIVAcoid,vivanewscom
VIVAcoid,vivanewscom
DennyAbdillah,novanjou
DennyAbdillah,KhofifahIP
riaanggggg,podoradong
AndyTantono,cnbcindonesia
AndyTantono,Bisniscom
Anaksemut4,K1ngPurw4
Anaksemut4,podoradong
btskteahyg,ddlbtalk
teretero,BuruhSiluman
Yayuksetyo1,DTanjung15
ahmad_deza,ArmSalim
Penol86,respatitapser
Penol86,Penol86
Penol86,noe_roelz
Penol86,noe_roelz
Penol86,baby_alien28
Penol86,Penol86
Penol86,noe_roelz
GentOfMiracles,dirgarambe
darjamilahS,ridwankamil
skogarmaors,oliviaherlinda
MZubir_ID,detikcom
MZubir_ID,BossToukeeIsa
MZubir_ID,cagubnyinyir2
MZubir_ID,nyolongsate
MZubir_ID,PTJASAMARGA
MZubir_ID,PTJASAMARGA
MZubir_ID,ridwankamil
MZubir_ID,AvatarPemburu
FatihunnadaAnis,ridwankamil
hericz,priskavanny
masnews2020,kompascom
TopToross,marlina_idha
TopToross,ridwankamil
TopToross,Berkarya_Info
TopToross,Afath1945
cindytampu,yosuaandree
bambank_ipul,KanjengMammie
Fajartriantoro,harits28
dickylicious04,kompascom
Prawitadisastra,0O1972419
Sat_Pinayungan,podoradong
Abhimjoky,kompascom
KBurger79,fahiraidris
KBurger79,K1ngPurw4
KBurger79,geloraco
Ceha_Anwar,Lady_Zeebo
repoeblikan,liputan6dotcom
ditakudit,Kutekians
ditakudit,CNNIndonesia
papershit_,ridwankamil
muhfachmi13,K1ngPurw4
muhfachmi13,AnnisaPohan
muhfachmi13,podoradong
muhfachmi13,Kanseulir
muhfachmi13,firmanyursak
muhfachmi13,aniesbaswedan
Roskafe1,K1ngPurw4
Ngehi_Lawu,BawelNeverDies
Ngehi_Lawu,tijabar
Aljechrie,detikcom
Aljechrie,liputan6dotcom
miraatama,KompasTV
adeadag1,dirgarambe
adeadag1,marlina_idha
adeadag1,DKIJakarta
adeadag1,K1ngPurw4
adeadag1,Kanseulir
jabarnewss,ridwankamil
jabarnewss,ridwankamil
jabarnewss,ridwankamil
WajahPribumi___,Apriil68
WajahPribumi___,musniumar
secuilkeju,ridwankamil
ranger_white28,podoradong
RizalVictor3,ustadtengkuzul
RizalVictor3,republikaonline
RizalVictor3,podoradong
Siamiiiiih_,AboutTNG
baay6690,ridwankamil
gendro_kesesi,podoradong
gendro_kesesi,rmolbantencom
gendro_kesesi,Kanseulir
RayMuha68843402,musniumar
Novirana1,K1ngPurw4
Novirana1,dirgarambe
Novirana1,Ndon_isBack
Novirana1,TMCPoldaMetro
Novirana1,ustadtengkuzul
Novirana1,_bayangan_semar
Novirana1,firmanyursak
Novirana1,anjarisme
Novirana1,ainunnajib
Novirana1,Reiza_Patters
RucyMuswar15,K1ngPurw4
RucyMuswar15,dirgarambe
Farida_2putri,K1ngPurw4
RudyPRONKRI,DTanjung15
RudyPRONKRI,Lady_Zeebo
intersport_id,intersport_id
intersport_id,intersport_id
pihanja,Lady_Zeebo
syarifntoke,jokowi
paijodirajo,sosmedbw
Indra98800969,K1ngPurw4
zwirasakti,ndyArthrunZarra
kopral_jon00,dirgarambe
kopral_jon00,podoradong
kopral_jon00,ustadtengkuzul
kopral_jon00,Jhonkosmik
KompasTV,ridwankamil
Dewiseratus,UtuhWibowo
Dewiseratus,aniesbaswedan
CakMan70489610,Toperendusara1
CakMan70489610,K1ngPurw4
CakMan70489610,UtuhWibowo
CakMan70489610,aniesbaswedan
areksosmed,Lady_Zeebo
bobmart17169166,K1ngPurw4
PRFMnews,rizkynurulhuda
PRFMnews,LMaula_8
PRFMnews,Incognito_irvan
PRFMnews,ibnuelhakim
PRFMnews,_amod_
ameliasepta,vctrkmng
Muslim_AntiPKI,podoradong
595Tong,DRespati2
kasehsaulmouk,SY_Bwz
kasehsaulmouk,rawayan212
kasehsaulmouk,han_vireta2
nabilaalaalaa,detikcom
HKBP_GL,Dapidtello
HKBP_GL,HKBP_GL
ayzleeeee,TirtoID
toranaga3000,podoradong
toranaga3000,vivanewscom
toranaga3000,Barnusantara
toranaga3000,aniesbaswedan
toranaga3000,4smara1701
toranaga3000,DKIJakarta
toranaga3000,FEBRIANA_2506
toranaga3000,marlina_idha
toranaga3000,DRespati2
oldiestBG,dannywiradharma
oldiestBG,Suluk_salik
indahpeell,jayakabajay
OposisiT,Lady_Zeebo
antosetiawan74,adji2912
khamila_20,DRespati2
bindunada,liputan6dotcom
RadioElshinta,TMCPoldaMetro
RadioElshinta,RadioElshinta
Dukun081,tijabar
Dukun081,ustadtengkuzul
GOODFATHER_71,Lady_Zeebo
MarbunSulaiman,BungRetweet
anjarisme,polamalinda
anjarisme,ridwankamil
anjarisme,anjarisme
anjarisme,anjarisme
anjarisme,anjarisme
anjarisme,ayuyayuyayuya
anjarisme,piiluss
anjarisme,uutrahmat
anjarisme,anjarisme
ronidepari88,podoradong
ronidepari88,syarifntoke
ronidepari88,jokowi
Echa66Echa,podoradong
Echa66Echa,dirgarambe
Bagas36406270,DRespati2
Bagas36406270,Jhonkosmik
Bagas36406270,ustadtengkuzul
blackpink828,Metro_TV
blackpink828,kompascom
blackpink828,ridwankamil
blackpink828,kompascom
blackpink828,CNNIndonesia
blackpink828,liputan6dotcom
blackpink828,pikiran_rakyat
AlvinoLulu,DTanjung15
Indopolitika,Indopolitika
Indopolitika,Indopolitika
Indopolitika,Indopolitika
NgeweBeri6,mobilangapa
kakapampam,tijabar
RifckyAL,ridwankamil
RifckyAL,CNNIndonesia
Onta_buluk,TheCoboyRiders_
indonesiaraya79,TheCoboyRiders_
stephanusmco,setkabgoid
yohandavin,kompascom
JP_RadarBali,jpnncom
JP_RadarBali,jpnncom
JP_RadarBali,Genpi_Co
JP_RadarBali,jpnncom
JP_RadarBali,jpnncom
JP_RadarBali,jpnncom
JP_RadarBali,Genpi_Co
jokosantoso099,K1ngPurw4
kiasleo,CNNIndonesia
kiasleo,kompascom
aldipu,dirgarambe
aldipu,ozie88625283
aldipu,Dennysiregar7
Apriil68,musniumar
Apriil68,Puspen_TNI
Apriil68,tni_ad
Apriil68,DivHumas_Polri
Apriil68,CCICPolri
DevinRmd,podoradong
DevinRmd,hermantoregar
DevinRmd,AchmadAnnama
Elmirakid,AnnisaPohan
rindygo,setkabgoid
rindygo,ridwankamil
Kumis20191,podoradong
Kumis20191,OmBrewoks3
Kumis20191,ustadtengkuzul
Kumis20191,K1ngPurw4
YennyJuveTinna1,anjarisme
soem_art,dirgarambe
kumparan,ridwankamil
yudi732002,RiuUtomoRizki
yudi732002,ridwankamil
yudi732002,Lady_Zeebo
Arrawksky,AboutTNG
hans_rifky,Lady_Zeebo
Gunawan44250492,BungRetweet
Gunawan44250492,K1ngPurw4
Gunawan44250492,podoradong
Dian_Supolo,dirgarambe
nilotica2,tijabar
iroe_bani,podoradong
bantoro29_,podoradong
bantoro29_,K1ngPurw4
bantoro29_,umaralims
bantoro29_,UtuhWibowo
bantoro29_,aniesbaswedan
annisaikhsania,upeauliya
annisaikhsania,ShopeeID
beritaKBR,beritaKBR
beritaKBR,beritaKBR
beritaKBR,beritaKBR
beritaKBR,jokowi
sari_tjakra,chitattooes
ameliaaristiaw,detikcom
Rozi_Handri,Jhonkosmik
Rozi_Handri,K1ngPurw4
Rozi_Handri,podoradong
Rozi_Handri,UtuhWibowo
Rozi_Handri,aniesbaswedan
Rozi_Handri,tijabar
adeemulya,isishaki
adeemulya,mhdfaiz26
BangRijal_D3,Reiza_Patters
tijabar,tempodotco
tijabar,mas__piyuuu
tijabar,Resof85
tijabar,relawandiabaikn
tijabar,supriya62582459
tijabar,Ujang81339058
tijabar,Namaku_Anisa
ShendiRosyian,tijabar
Pseudo_silk,dirgarambe
JhondoexlxG,tempodotco
JhondoexlxG,BungRetweet
JhondoexlxG,Ndrews1162011
JhondoexlxG,Ndrews1162011
SydSalesman,kumparan
SydSalesman,ridwankamil
SydSalesman,mochamadarip
SydSalesman,kompascom
SydSalesman,detikcom
SydSalesman,yusrinaardyaga1
SydSalesman,DKIJakarta
SydSalesman,aniesbaswedan
EdiZesta692,K1ngPurw4
IDNow_Era,kompascom
ichsanmalik,pemkabbantul
sardiridwan78,podoradong
otwbulkyenero,isishaki
sersanqomar,ibnupurna
sersanqomar,dprddkijakarta
butiran,detikcom
CepoexR,Jhonkosmik
Bejo_Subejo,LokadataID
agung7709,BungRetweet
sniperalhambra1,MelayuSejahtera
sniperalhambra1,salimshasa
sniperalhambra1,msaid_didu
sniperalhambra1,KRMTRoySuryo2
sniperalhambra1,mas__piyuuu
sniperalhambra1,AdhieMassardi
sniperalhambra1,podoradong
sniperalhambra1,mas__piyuuu
sniperalhambra1,ReestyCayah
sniperalhambra1,ANDINI_MAHARAN1
sniperalhambra1,SirianaGde
sniperalhambra1,jokowi
sniperalhambra1,podoradong
champagneojan,isishaki
BangPitung_AJW,_bayangan_semar
BangPitung_AJW,DRespati2
irahakbauw,Lady_Zeebo
mdr81_hadidjaya,Mr_703n4_______
mdr81_hadidjaya,podoradong
evisusilawati,dirgarambe
bakpaumono,jolie_mitra
auliyarasyid,herlinatasha
cholis_mahdi,ridwankamil
cholis_mahdi,ridwankamil
hutamiwidya,AboutTNG
dreamyymaerd,kompascom
kinkyprinxess,siapataucocoq
kinkyprinxess,AlterBaseRated
alberthin_lucas,vctrkmng
Alifaem,dirgarambe
ddarkchoco,HukumDan
NKRI_Nomor_1,BungRetweet
NKRI_Nomor_1,podoradong
Gege74941394,kangdede78
triardn,TirtoID
Herlina_ogie,Dyn_din2803
Herlina_ogie,aniesbaswedan
KenKudaibergen,K1ngPurw4
menantuibumumas,Lady_Zeebo
makbari99,K1ngPurw4
kerupvk,CNNIndonesia
jeff_ikhlas,mas__piyuuu
jeff_ikhlas,geloraco
cacashasya,AboutTNG
faizsiugal2,Metro_TV
faizsiugal2,YouTube
FitRadioBandung,ridwankamil
JacksQuevara,r_chtc023
JacksQuevara,DKIJakarta
JacksQuevara,Mr_703n4_______
JacksQuevara,BungRetweet
JacksQuevara,tijabar
dedeqQutie,K1ngPurw4
blambangansaja,Cheeky_Maria978
blambangansaja,bnk_dt
blambangansaja,ustadtengkuzul
SangKelana_70,Lady_Zeebo
MDarukudni,rmolbantencom
bbysprs,ridwankamil
thisisnothanahh,Lady_Zeebo
asnug_id,SalmaBrecht
Maswiro3,Berkarya_Info
MPribumi,podoradong
fd_SatuLagi,K1ngPurw4
cilung_goreng,INFOBNN
kupeng_,tangerangnews
kupeng_,tangerangnews
joe_bon_two,K1ngPurw4
YokoSetyoso,detikcom
YokoSetyoso,Dahnilanzar
YokoSetyoso,republikaonline
YokoSetyoso,DivHumas_Polri
pejuangreceeeh,podoradong
adeirmaww,kotabekasikeren
yayanprastiyo1,Lady_Zeebo
yayanprastiyo1,kumparan
yayanprastiyo1,CNNIndonesia
pangpangkeju,vctrkmng
azmisuryaadi,SirianaGde
azmisuryaadi,jokowi
panjianom102,DivHumas_Polri
panjianom102,Lady_Zeebo
hawinhawhaw,nadyacaka
KakMaruf,K1ngPurw4
Sunda_Bekasi33,urbancikarang
Sunda_Bekasi33,ridwankamil
Yipieyayyy,kumparan
masovics,sosmedbw
helosaurus,tkmyhand
karyawantree,ridwankamil
karyawantree,karyawantree
reno_2,CNNIndonesia
reno_2,NanankZati1
reno_2,_doncorleone_78
reno_2,BNPB_Indonesia
reno_2,KemenkesRI
reno_2,Puspen_TNI
reno_2,podoradong
reno_2,TofaTofa_id
reno_2,hincapandjaitan
IyanSof56400989,podoradong
ida_bukan,K1ngPurw4
bersuara_rakyat,salimshasa
bersuara_rakyat,msaid_didu
bersuara_rakyat,KRMTRoySuryo2
bersuara_rakyat,mas__piyuuu
bersuara_rakyat,AdhieMassardi
bersuara_rakyat,podoradong
bersuara_rakyat,mas__piyuuu
bersuara_rakyat,ReestyCayah
bersuara_rakyat,ANDINI_MAHARAN1
bersuara_rakyat,Mr_703n4_______
bersuara_rakyat,ustadtengkuzul
bersuara_rakyat,podoradong
bersuara_rakyat,tijabar
TiarBorieL23,GrabID
TiarBorieL23,GrabID
IkrimaSBG,K1ngPurw4
IkrimaSBG,podoradong
hanjenif,SalmaBrecht
AdhitAmijaya,podoradong
hendy_akbar02,K1ngPurw4
HmsKetum,K1ngPurw4
HmsKetum,podoradong
BuditTriyono,podoradong
3mtr1,RickyKardjono
3mtr1,mochamadarip
yahbangmrx,podoradong
Nofrindra,K1ngPurw4
de_folder,K1ngPurw4
PolitikusBadut,demoSoCRAZY
PolitikusBadut,tijabar
cimtaaa,appletomypie_
hadid_hadidpdg,K1ngPurw4
JangRantau,K1ngPurw4
ballambinlove,kumparan
ballambinlove,hermantoregar
ballambinlove,OfficialiNewsTV
ballambinlove,kompascom
BlackYudhistira,K1ngPurw4
windysugito,vctrkmng
nabilaahnn,AboutTNG
eiskurime,kumparan
wildan_rizki,alAzharrrr
wildan_rizki,ari_adiputra
wildan_rizki,karawangfess
rusdian01796366,Berkarya_Info
rusdian01796366,podoradong
rusdian01796366,K1ngPurw4
rusdian01796366,ZoelHay
rusdian01796366,taharuddin_id
rusdian01796366,BawelNeverDies
rusdian01796366,DRespati2
rusdian01796366,xline_id
rusdian01796366,aniesbaswedan
rusdian01796366,K1ngPurw4
rusdian01796366,Paltiwest
rusdian01796366,aniesbaswedan
rusdian01796366,Paltiwest
rusdian01796366,aniesbaswedan
rusdian01796366,ustadtengkuzul
palbapang1,UtuhWibowo
palbapang1,aniesbaswedan
sukasuke2791,K1ngPurw4
Dewie34292319,tempodotco
Dewie34292319,dirgarambe
coocot,kompascom
dailyy1999,ainunnajib
sherllyfl,CNNIndonesia
Ndon_isBack,TMCPoldaMetro
Veenone,xline_id
Veenone,aniesbaswedan
Veenone,podoradong
syaikaoo,rafikeey
arsensjuventini,ridwankamil
arsensjuventini,SalmaBrecht
arsensjuventini,Lady_Zeebo
siskafo,detikcom
permadisiwi,CNNIndonesia
SOERYAWAD1,PartaiSocmed
SOERYAWAD1,Penol86
iwan_r19,BNPB_Indonesia
ismierahayu,CommuterLine
ismierahayu,ridwankamil
kinnannn,CNNIndonesia
nafiya_ayu,kompascom
nafiya_ayu,kompascom
hedisbangkok,podoradong
ghynursha,AboutTNG
pacarmamas,mediocrickey
bsinuhajie,Dennysiregar7
bsinuhajie,aniesbaswedan
herfian_wd,ridwankamil
MetridaVidiarsi,TirtoID
Chewy_Allie,Clarra_Catz
Fkrsss,dirgarambe
nvknovika,CNNIndonesia
IM_ENCE,vctrkmng
IpungLombok,DKIJakarta
IpungLombok,aniesbaswedan
IpungLombok,UtuhWibowo
IpungLombok,aniesbaswedan
hennysuhaeni21,tijabar
hennysuhaeni21,Berkarya_Info
serlywlndrs,HolySuckz
serlywlndrs,hanummputri
Willy_tng_spa,one_vase
Willy_tng_spa,Mssgandra
Willy_tng_spa,DMassageJkt
Willy_tng_spa,jack19680
Willy_tng_spa,Kodoy85034102
Willy_tng_spa,Ady6988
ssarahnahla,kotabekasikeren
IdaAyuDewiBulan,Mr_703n4_______
_Pi2nG,kompascom
juneczaci,Kota_Tangerang
juneczaci,HumasTangerang
pupuik_sarunai,dpanjul25
pupuik_sarunai,satriohendri
Ameeramantikah,SaveIndonesia24
JambiCintaDamai,Sir_Edwin
rzmdf,AboutTNG
utyrusty,AboutTNG
republikaonline,TMCPoldaMetro
Doyok999,CNNIndonesia
GatotMarz14,ustadtengkuzul
GatotMarz14,AchmadAnnama
GatotMarz14,podoradong
MeIIifluousx,Gxxod13
davenirvana,KompasTV
ikaikraami,AboutTNG
anakcerdaz,yosuaandree
HeartOds,podoradong
Yopiluthfi1,4smara1701
Yopiluthfi1,kompascom
dandiferdian_,AboutTNG
FansRossoneri,anjarisme
rifRahman_,kompascom
rifRahman_,BuruhSiluman
rakjat4,demoSoCRAZY
rakjat4,CebiLAKNAT_
rakjat4,demoSoCRAZY
rakjat4,D4tuk_T4mburin
rakjat4,aniesbaswedan
rakjat4,geloraco
UmmaMuda,CNNIndonesia
martinapriyanti,ridwankamil
astarinthegloom,AboutTNG
indriiioo,isishaki
black13side,CNNIndonesia
black13side,podoradong
nitaaprlnti,anjarisme
nitaaprlnti,AboutTNG
deelestari,AboutTNG
roositadam_,kompascom
salehug,Berkarya_Info
salehug,AchmadAnnama
gheadithahm,AboutTNG
esframdhani,AboutTNG
babe_Ahmad,tijabar
babe_Ahmad,podoradong
babe_Ahmad,bos_sir
babe_Ahmad,aniesbaswedan
babe_Ahmad,tijabar
rosen_ocen,ridwankamil
Bellapuspaa,ridwankamil
rafiinaufaal,ndorokakung
AditiyaP25269,arwidodo
AditiyaP25269,podoradong
queens_eva,Hendrik61236779
queens_eva,aniesbaswedan
queens_eva,perumdpasarjaya
queens_eva,DKIJakarta
queens_eva,DinsosDKI1
queens_eva,FoodStation_Jkt
natalia2412,ridwankamil
natalia2412,kompascom
BeautyQueen09__,AzharMatang
BeautyQueen09__,Ochi__BQ09
BeautyQueen09__,jokowi
BeautyQueen09__,DivHumas_Polri
BeautyQueen09__,jokowi
BeautyQueen09__,G4luhK3nc4na
BeautyQueen09__,Queen_Oc09
BeautyQueen09__,Ochi__BQ09
BeautyQueen09__,jokowi
BeautyQueen09__,DivHumas_Polri
CintrongAgama,podoradong
Vwi_Vwi,ainunnajib
trendingtopiq,isishaki
TitoJalu,detikcom
_eatiana_,dirgarambe
ririnkm_,CNNIndonesia
ririnkm_,CNNIndonesia
dipa_ahad,ANDINI_MAHARAN1
dipa_ahad,jokowi
dipa_ahad,Tergoda_
dipa_ahad,hmskaban
dipa_ahad,ustadzmaaher_
eriksonnnnn,vctrkmng
ndonandoo,niosurbakti
unnavailablle,pemkabbantul
dhyrabernancy,vctrkmng
Mas_jawa24,awbjd_
zianwalidah,rafikeey
erfinsyam,CNNIndonesia
JokoFighter01,dirgarambe
Gregorius841,mad_toke
Rezamorset1,podoradong
xojungkim,CNNIndonesia
Kelana_M5,Clarra_Catz
Dyahayuocta,anjarisme
c4hbanten,CNNIndonesia
ariyandhini07,CNNIndonesia
melodytyawan,wallsidn
stratocstr,isishaki
nrnyama,rafikeey
jagadiri3,ustadtengkuzul
adamfawara1,kompascom
adamfawara1,republikaonline
adamfawara1,okezonenews
adamfawara1,Metro_TV
adamfawara1,KontanNews
SvinChloe,arcodevara
chemyholic,CNNIndonesia
deapratiwiii,TirtoID
sixleven,CNNIndonesia
doremi_mitsuo,HukumDan
sharfan024,TirtoID
widi_kartika,podoradong
widi_kartika,0O1972419
widi_kartika,aniesbaswedan
agasandra,vctrkmng
anamjb82,podoradong
suryadarma471,ustadtengkuzul
djaycoholyc,bellaaaN
KPUKotaBandung,KPU_RI
KPUKotaBandung,kpu_jabarprov
Sarah_Pndj,tempodotco
Sarah_Pndj,anjarisme
adeliaaast,kumparan
Octaviantary_,AboutTNG
Octaviantary_,AboutTNG
rudis_error,CNNIndonesia
putllpy,vctrkmng
GitaRCahya,AboutTNG
diesooon,grassjjelly
diesooon,gyani__
EnggalPMT,SirianaGde
EnggalPMT,jokowi
EnggalPMT,nanoenk
Disco2000an,AboutTNG
didienAZHAR,CNNIndonesia
didienAZHAR,TirtoID
didienAZHAR,hannarayliza
didienAZHAR,tijabar
didienAZHAR,conan_idn
Indahrss,detikcom
Indahrss,detikcom
yus81,eko_kuntadhi
KosmetikDinda,dirgarambe
KosmetikDinda,TKoncek
KosmetikDinda,infoSumbar
KosmetikDinda,mahyeldi_sp
KosmetikDinda,irwanprayitno
KosmetikDinda,ustadtengkuzul
KosmetikDinda,jkmulyanto
KosmetikDinda,gojekindonesia
KosmetikDinda,GrabID
hhanifahnurr,aniesbaswedan
hynanaremy,ridwankamil
hynanaremy,ridwankamil
Budi1409Bs,Berkarya_Info
rully2020PhD,ridwankamil
ganysaaa,detikcom
emak_jerigen,JWHYPESS
prayurisna,ridwankamil
yulinarulfa,ridwankamil
yulinarulfa,TirtoID
helosusi,CNNIndonesia
helosusi,CNNIndonesia
helosusi,CommuterLine
helosusi,BBCIndonesia
OfficialRCTI,RCTIPlus
humanerrowrr,AboutTNG
jjsengui,SalmaBrecht
FitraHasanudin_,kompascom
DoniCeper,podoradong
ayuoctv,liputan6dotcom
BungaRamaa,InfoKRL
Theworo1,hnurwahid
Theworo1,Barnusantara
Theworo1,aniesbaswedan
Theworo1,demoSoCRAZY
Theworo1,aniesbaswedan
JamalHabsy,K1ngPurw4
sukmanugrahas,setiadiirwan
sukmanugrahas,NetflixID
natashahana,ridwankamil
Bayu_99091,dirgarambe
Bayu_99091,ridwankamil
hepiprayudiawan,dirgarambe
bralinks74,ANDINI_MAHARAN1
bralinks74,jokowi
NurwendaDeden,podoradong
DEQLZ1012,tempodotco
bepejeel,AntoJagad3
bepejeel,Dennysiregar7
luthV5,podoradong
viola_amelia,zonabogorupdate
viola_amelia,zonabogorupdate
aulia7,KATADATAcoid
SindirPolitik,KATADATAcoid
SindirPolitik,tribunnews
RachlanNashidik,hermantoregar
RachlanNashidik,kompascom
encirut,podoradong
Alifkhalid3,podoradong
Pancasila_2020,SalmaBrecht
Kang_Likhin,DRespati2
Kang_Likhin,flower_myth
boy_harth,dirgarambe
4smara1701,podoradong
4smara1701,tijabar
4smara1701,DKIJakarta
luviku,tijabar
PANCAKEgosong,Kabar_Tangsel
ibnupurna,dprddkijakarta
arena51,ustadtengkuzul
arena51,tijabar
arena51,SudionoTambun
ices_tea,UtuhWibowo
ices_tea,aniesbaswedan
ices_tea,tijabar
antisepticgel,ridwankamil
ziqraalridho,podoradong
madsomniac,urbancikarang
madsomniac,ridwankamil
AganSam,AboutTNG
AprionoAka,podoradong
AprionoAka,ustadtengkuzul
zakiafair,CNNIndonesia
indri24_,iqlimasftr
indri24_,ckrzna
indri24_,Nailahnurj
indri24_,Kaniayr
kiswanto_sp,demoSoCRAZY
wirandagalang,kompascom
wirandagalang,CNNIndonesia
wirandagalang,AboutTNG
Sapto0918,dirgarambe
widyibrahim,kotabekasikeren
Mosthafavi,LokadataID
Mosthafavi,vctrkmng
houschen,DRespati2
houschen,podoradong
s_irmantari,pemkabbantul
yhi2e,tijabar
yhi2e,tempodotco
sitepusalim,SalmaBrecht
Derri_dayen,SirianaGde
Derri_dayen,jokowi
Derri_dayen,OmBrewoks3
Derri_dayen,conan_idn
Ndakdoyansusu,uminyajaeyong
p4pi11on,4smara1701
p4pi11on,yusrinaardyaga1
p4pi11on,DKIJakarta
p4pi11on,aniesbaswedan
girlwithlop,Gxxod13
JRindayant,aniesbaswedan
srifaauziah,cikitarouw
soffel84103944,SalmaBrecht
MonoKaritas,Lady_Zeebo
21_bima_21,eko_kuntadhi
ZAEffendy,tempodotco
ZAEffendy,tempodotco
sthalimahlukman,TirtoID
lisdnov,AboutTNG
lisdnov,CNNIndonesia
ssatrianugraha,infobdg
ssatrianugraha,ridwankamil
ssatrianugraha,pikiran_rakyat
ssatrianugraha,kompascom
ssatrianugraha,infobdg
ssatrianugraha,ridwankamil
ssatrianugraha,pikiran_rakyat
ssatrianugraha,tribunnews
MumuyZG,NgegasTapi
MumuyZG,Dennysiregar7
SaatTobat,AntoJagad3
SaatTobat,Dennysiregar7
SaatTobat,ayungp2
Hamdanshulthoon,AboutTNG
Windrayo_R,TirtoID
not_toninot,tijabar
rifzull,CNNIndonesia
rifzull,CNNIndonesia
rifzull,CNNIndonesia
ed_parmadi,Lady_Zeebo
LamriaMS,TirtoID
99Negrilucu,liputan6dotcom
TRANEX_BM,pemkabbantul
sofiesyarief,KompasTV
sofiesyarief,ridwankamil
vibeom,setkabgoid
vibeom,CNNIndonesia
lisdaulay28,dirgarambe
cludyacitra,AboutTNG
kudatrojan,tijabar
caesasaryudhi,ridwankamil
sulkhannoor,podoradong
AfrizaMunaf,dirgarambe
AfrizaMunaf,KATADATAcoid
AfrizaMunaf,okezonenews
agussprasetio,RockersPantura
jaakaajeeka,DRespati2
jaakaajeeka,IpungLombok
jaakaajeeka,DKIJakarta
jaakaajeeka,aniesbaswedan
jaakaajeeka,Jhonkosmik
jaakaajeeka,Mr_703n4_______
Pesa020219,aniesbaswedan
derapril,IrvanKarta
derapril,jayakabajay
derapril,tukangbotol
derapril,CNNIndonesia
derapril,CNNIndonesia
derapril,Ali_Ridwan11
derapril,CNNIndonesia
Anyer_Fury,podoradong
moluqman,anjarisme
moluqman,AboutTNG
ayah_pinban,Mr_703n4_______
LaingenLisa,Ciput84725571
LaingenLisa,aniesbaswedan
viniagustin,yosuaandree
zarazettirazr,MinangNetwork_
zarazettirazr,damnoise
zarazettirazr,Bakwan_
zarazettirazr,NediSetiadi
zarazettirazr,irwanprayitno
zarazettirazr,andre_rosiade
zarazettirazr,nasrul_abitt
zarazettirazr,mahyeldi_sp
zarazettirazr,angkvgadang
zarazettirazr,bujang_minang
zarazettirazr,budihidayat20
zarazettirazr,pakWali_
zarazettirazr,ronin_minang
zarazettirazr,Am_chaniago
zarazettirazr,Nevizuairina47
zarazettirazr,hermantoregar
iwanridw2603,podoradong
iwanridw2603,dirgarambe
agungelsastra,RomitsuT
agungelsastra,demoSoCRAZY
agungelsastra,Mr_703n4_______
paysalkhs,merdekadotcom
paysalkhs,medcom_id
paysalkhs,liputan6dotcom
HidekiR13,UtuhWibowo
HidekiR13,aniesbaswedan
HidekiR13,0O1972419
djonprasetyanto,yusrinaardyaga1
djonprasetyanto,DKIJakarta
djonprasetyanto,aniesbaswedan
djonprasetyanto,marlina_idha
djonprasetyanto,DKIJakarta
SyafMl,Lady_Zeebo
Ecyaul,AboutTNG
MaxTaaa,tempodotco
MaxTaaa,BNPB_Indonesia
dusrimulya,podoradong
UncleRain2,ustadtengkuzul
OliviaCath1540,dirgarambe
sayangicom,sayangicom
KATADATAcoid,ridwankamil
niakhalifa_,anjarisme
niakhalifa_,AboutTNG
Bengkeltanah1,WNI82731307
Bengkeltanah1,ChanelDiezpung
Bengkeltanah1,WagimanDeep212
Bengkeltanah1,03__nakula
Bengkeltanah1,Juliadi13123529
Bengkeltanah1,RudiTobinq
Bengkeltanah1,LuwitaEmilly878
Bengkeltanah1,narkosun
Bengkeltanah1,DTanjung15
Bengkeltanah1,HmfaqihA
bibin_bey,Mr_703n4_______
bibin_bey,FEBRIANA_2506
bibin_bey,SirianaGde
bibin_bey,jokowi
bibin_bey,dirgarambe
svgrplvm,ridwankamil
Ciput84725571,aniesbaswedan
elangbc,Clarra_Catz
elangbc,aniesbaswedan
elangbc,mas__piyuuu
elangbc,SonyArekSby
elangbc,aniesbaswedan
elangbc,_____Resta96
elangbc,Clarra_Catz
benzgvvrll,Gxxod13
UtuhWibowo,aniesbaswedan
NelfidaD,KATADATAcoid
NelfidaD,BawelNeverDies
NelfidaD,aniesbaswedan
aliandotcomm,CNNIndonesia
NiksonNababan,PDI_Perjuangan
Abdul_Makin08,aniesbaswedan
Abdul_Makin08,0O1972419
ellyaqul,AboutTNG
bybyefever,ridwankamil
bybyefever,ridwankamil
mumualoha,Sosiyologi
AlQossam3,podoradong
RonaldLampard8,Lady_Zeebo
jsamodra,anjarisme
varleent,podoradong
VisionGlobal18,podoradong
w0ngl3moe73,tribunnews
paunkyeuh,podoradong
sihobitidur,jakfaryazid
karyopinot,CommuterLine
anggiafernandez,detikcom
NurulAi14459911,podoradong
Hamruniahmad,Mr_703n4_______
tribunnews,tribunnews
tribunnews,tribunnews
tribunnews,tribunnews
tribunnews,tribunnews
nuncamocca,AboutTNG
nuncamocca,anjarisme
webare_,AboutTNG
webare_,AboutTNG
fadelrzky,ridwankamil
fadelrzky,musaaang
tubagus_tarbia,ridwankamil
MaskuMasku1,podoradong
lekopr,KemenkesRI
lekopr,kokokdirgantoro
TMahardika,ariandiputra30
julerocks,anjarisme
ExcelJosaphine,vctrkmng
ExcelJosaphine,cantonaisme
peursona,ridwankamil
news_benz,podoradong
news_benz,tijabar
news_benz,Jhonkosmik
news_benz,Mr_703n4_______
Soleh64268085,MAIAsangJUARA
Soleh64268085,DRespati2
mad_toke,4Y4NKZ
mad_toke,FaGtng
mad_toke,SmarsGuitar
mad_toke,Lady_Zeebo
elinnEP,kumparan
EliteInteligent,podoradong
amru_rohman,tijabar
amru_rohman,marlina_idha
amru_rohman,DKIJakarta
amru_rohman,firmanyursak
LinaPAnandya,GianTakeshi87
LinaPAnandya,st_kurniawan
LinaPAnandya,jokowi
LinaPAnandya,pramonoanung
LinaPAnandya,aniesbaswedan
LinaPAnandya,ridwankamil
LinaPAnandya,st_kurniawan
LinaPAnandya,jokowi
LinaPAnandya,pramonoanung
LinaPAnandya,aniesbaswedan
LinaPAnandya,ridwankamil
LinaPAnandya,st_kurniawan
LinaPAnandya,GianTakeshi87
LinaPAnandya,jokowi
LinaPAnandya,pramonoanung
LinaPAnandya,aniesbaswedan
LinaPAnandya,ridwankamil
onedheeis,Kanseulir
onedheeis,RomitsuT
onedheeis,podoradong
PribumiDong,podoradong
Dewi_F99,tvOneNews
FitriaNafisa,anjarisme
FitriaNafisa,dirgarambe
FitriaNafisa,ridwankamil
FitriaNafisa,anjarisme
D4tuk_T4mburin,demoSoCRAZY
D4tuk_T4mburin,podoradong
D4tuk_T4mburin,tijabar
MuhSaIrman,pemkotdepok
MuhSaIrman,adiiyulianto
ucokseparoh,podoradong
ucokseparoh,Berkarya_Info
ucokseparoh,threadreaderapp
ucokseparoh,SirianaGde
ucokseparoh,SirianaGde
ucokseparoh,jokowi
beeHamada1,Mr_703n4_______
esteleci,Aermani_
mingookai,hangyeolieee
guardian_islam,musniumar
adiimilano,podoradong
naulnauli,do_adoo
NanaSuryacandra,podoradong
VIVAlife_,sahijabcom
VIVAlife_,sahijabcom
VIVAlife_,sahijabcom
becak125cc,DTanjung15
becak125cc,Lady_Zeebo
osselow,dirgarambe
WitriUwit_,ameeliapuspa
WitriUwit_,TuRtLRRJduSG4vt
WitriUwit_,ponakannyasetan
WitriUwit_,beecaine
Tika_ningsih31,fahiraidris
PangeranBiru212,podoradong
onielectra,SalmaBrecht
Kuncoro40505613,podoradong
bangs0p0,podoradong
anang_fajar7,praha_botak
r_djarot_s,FirzaHusain
zesyazzahra,flower_myth
idayu_wien,podoradong
idayu_wien,tijabar
hannlimz,AboutTNG
hannlimz,AboutTNG
anas_erindra,BBCIndonesia
anas_erindra,ridwankamil
anas_erindra,KhofifahIP
anas_erindra,BBCIndonesia
kemlonih,tijabar
kemlonih,podoradong
hotmacchiato,ridwankamil
Rachman_khalid,IbnuSina
DidinDibel,dirgarambe
hartanto_mas,4smara1701
hartanto_mas,DKIJakarta
hartanto_mas,tijabar
WolesGaes,tempodotco
arifinsyarif13,SalmaBrecht
arifinsyarif13,threadreaderapp
arifinsyarif13,TheCoboyRiders_
arifinsyarif13,SalmaBrecht
lifelinebridge,CNNIndonesia
agassimoriand,kompascom
agassimoriand,detikcom
mudjib_trisatya,detikcom
sukatanyaj,ustadtengkuzul
sukatanyaj,kandargalang
sukatanyaj,dirgarambe
sukatanyaj,hnurwahid
sukatanyaj,PKSejahtera
sukatanyaj,Jhonkosmik
sukatanyaj,podoradong
tiyarasade,AboutTNG
JoePhiyo,BawelNeverDies
qm4n76,musniumar
qm4n76,podoradong
imansalahin_put,podoradong
imansalahin_put,SirianaGde
imansalahin_put,jokowi
ShaniBudi,AboutTNG
ShaniBudi,kumparan
Renitaekv,detikcom
majuterus___,podoradong
KharisJalu,TirtoID
KharisJalu,kompascom
Aluna_Safitri,liputan6dotcom
NcangBeni,podoradong
wangchuliching,podoradong
syahriza_,setkabgoid
AgungWidrajat,dirgarambe
akunsudi,liputan6dotcom
akunsudi,CNNIndonesia
akunsudi,rmolbantencom
akunsudi,kumparan
akunsudi,ridwankamil
akunsudi,CommuterLine
jafrayeah,0ll4_Butt3rfly_
fuaaaadss,AboutTNG
AboutTNG,anjarisme
Suprianto187,podoradong
MghifariAr,isishaki
_xenanne,FEBRIANA_2506
aastiam,kumparan
marciaudita,kumparan
FEBRIANA_2506,aniesbaswedan
FEBRIANA_2506,aniesbaswedan
Lingga_WG,TirtoID
Lingga_WG,CNNIndonesia
Lingga_WG,ridwankamil
KenzoWaheed,pemkotdepok
nirmalaovi,ainunnajib
rek_so,ridwankamil
iluvatar188,Mr_703n4_______
iluvatar188,xline_id
iluvatar188,aniesbaswedan
CSISIndonesia,CSISIndonesia
Chaeruddin_B,podoradong
Ushaifirah1,Haidary__
Aditkun_,Nyi_Rorokidull
pakk_dhe,UlfameidaMaya
pakk_dhe,p8satya
AsiaAsi61333608,xline_id
AsiaAsi61333608,aniesbaswedan
AkalSuper,ustadtengkuzul
AkalSuper,podoradong
tadinsaf,podoradong
aksara_arya,pemkotdepok
aksara_arya,IdrisAShomad
imronbiz,aniesbaswedan
imronbiz,tijabar
juliaadiinda,CommuterLine
nugrohoabc,ABR4K4D4BRA
mush4r,podoradong
st_kurniawan,Penol86
st_kurniawan,LinaPAnandya
st_kurniawan,jokowi
st_kurniawan,pramonoanung
st_kurniawan,aniesbaswedan
st_kurniawan,ridwankamil
ridho_w,tempodotco
shallypristine,Outstandjing
dwieindah96,CNNIndonesia
dwieindah96,CommuterLine
indunissy_al,BawelNeverDies
n42if,RomitsuT
reyharlan,ustadtengkuzul
reyharlan,podoradong
reyharlan,SirianaGde
reyharlan,jokowi
reyharlan,demoSoCRAZY
lukiezra,jayakabajay
diponegros,BawelNeverDies
tukanglaper,kgynghyn
tukanglaper,kgynghyn
bolangcute,bolangcute
bolangcute,tvOneNews
bolangcute,tvOneNews
ceu_dedew,0O1972419
ceu_dedew,Mr_703n4_______
ceu_dedew,_bayangan_semar
logarrixma,isishaki
sutrisnoam,dirgarambe
BuswayFansC,PT_Transjakarta
Bung_Ipay,detikcom
Bung_Ipay,Teh__L
Bung_Ipay,ridwankamil
Bung_Ipay,CNNIndonesia
Bung_Ipay,dirgarambe
redyyder,yuditadtyaa
Moenthelicious,ridwankamil
_eccedentes,Kabar_Tangsel
Gitasayu,dirgarambe
nabelaau,TirtoID
__Bang_Neo__,_bayangan_semar
__Bang_Neo__,bangpras_02
__Bang_Neo__,__Bang_Neo__
shortieunji,kumparan
Irwanfeua,dirgarambe
calmnut,podoradong
CommuterLine,pmrtdrzz
CommuterLine,amaliamumu
CommuterLine,pengenlulus2020
Papaoppah,kumparan
NOTASLIMBOY,Outstandjing
MhdAlfariqi,SirianaGde
MhdAlfariqi,jokowi
MhdAlfariqi,podoradong
kucrit29,bapenda_jabar
kucrit29,humasjabar
footcovershoes,vctrkmng
supiandialways,podoradong
nimidnec,dzulfian
Jennierubbyc,SKY_KRYS94
francmohede,dirgarambe
francmohede,wu_lex
francmohede,BaanMuayThai
ylnndprl,AboutTNG
SunardiGiman1,BawelNeverDies
amangibran,podoradong
tidakmissu,ryanlukas17
RamdhaniBrutus,Berkarya_Info
RamdhaniBrutus,antaranews
RamdhaniBrutus,taufiq88332160
RamdhaniBrutus,wawat_kurniawan
RamdhaniBrutus,Cobeh09
RamdhaniBrutus,demoSoCRAZY
RamdhaniBrutus,podoradong
RamdhaniBrutus,demoSoCRAZY
bennydwirisdian,ridwankamil
lucutanpagaris,netizen_bali
ikbalisme,AboutTNG
galamaijagung,KangUbiBakar94
lonelypillows,supermomo
hadikuntjoro,yuswohady
hadikuntjoro,roniyuzirman
hadikuntjoro,Ramadian40
HARRYXSANTANA,liputan6dotcom
HARRYXSANTANA,podoradong
HARRYXSANTANA,geloraco
shintaries,AboutTNG
adepedia,CNNIndonesia
adepedia,KATADATAcoid
p3ngh4pus,tijabar
MariaAndromeda,CNNIndonesia
JamalBoegis,MAndiPalallo
JamalBoegis,arinugrs
JamalBoegis,Refan82237598
JamalBoegis,nurdinabdullahh
JamalBoegis,jpnncom
NgaritCommunity,Lady_Zeebo
Ddaelldada,urbancikarang
Ddaelldada,ridwankamil
Han_raha,kumparan
TWardanny,aniesbaswedan
TWardanny,kumparan
iina_surbakti,KemenkesRI
iina_surbakti,KemenkesRI
Gierio,kumparan
JannahGate,marlina_idha
JannahGate,DKIJakarta
JannahGate,dirgarambe
JannahGate,podoradong
JannahGate,Mr_703n4_______
JannahGate,Berkarya_Info
windyags,ridwankamil
windyags,ridwankamil
windyags,ridwankamil
jalmi_sae,_Aguzvian
BARANT4K,podoradong
zan_paku,tvOneNews
kessyheneva3,jayakabajay
arman_effendi,4smara1701
nichosetyo,rakhakhairul
AnugrahFitrah1,mas__piyuuu
AnugrahFitrah1,flower_myth
AnugrahFitrah1,tijabar
AnugrahFitrah1,tijabar
AnugrahFitrah1,setkabgoid
AnugrahFitrah1,firmanyursak
AnugrahFitrah1,jpnncom
Guehedy,AboutTNG
_bayangan_semar,_bayangan_semar
Herrreza,liputan6dotcom
Herrreza,liputan6dotcom
bpriady,Lady_Zeebo
bpriady,antaranews
dominixus,jawapos
dominixus,kompascom
dominixus,kumparan
dominixus,kumparan
dominixus,kumparan
dominixus,detikcom
GoneBeAlright,__Effendi__
GoneBeAlright,jokowi
GoneBeAlright,aniesbaswedan
watespahpoh,ridwankamil
Pejuang_Langit,podoradong
Pejuang_Langit,BawelNeverDies
ariesputra,tempodotco
nitaayulianti,ridwankamil
iansg8,detikcom
ChandIdris,AboutTNG
Qolybri_8216,ustadtengkuzul
Qolybri_8216,Jhonkosmik
Qolybri_8216,tijabar
Qolybri_8216,Kanseulir
Qolybri_8216,podoradong
Qolybri_8216,tijabar
Qolybri_8216,4smara1701
Qolybri_8216,DKIJakarta
Qolybri_8216,Mr_703n4_______
Qolybri_8216,marlina_idha
Qolybri_8216,DKIJakarta
ipindolphin,podoradong
yustikahayuh,isishaki
yustikahayuh,detikcom
Sabilillah_Pua,kumparan
ohmejoot,AboutTNG
RPP_4,AboutTNG
asundamai,DTanjung15
ranggayda,ridwankamil
Sugito29834029,podoradong
mgreantara,dirgarambe
katayunky,irawan10691
katayunky,katayunky
katayunky,panjul
katayunky,hardian
ayuuningtyas,kumparan
poirotto,riccivall
poirotto,riccivall
katsudoncurryz,CommuterLine
SonyArekSby,Berkarya_Info
MasteRico,CNNIndonesia
AlfikriFauzi,dirgarambe
StrawberryAyHa,dirgarambe
Muhammadirpan_,CNNIndonesia
Muhammadirpan_,TirtoID
nvvnvv__,detikcom
nvvnvv__,BNPB_Indonesia
intanfbp,ridwankamil
harryfadil,ridwankamil
harryfadil,ridwankamil
harryfadil,ridwankamil
palmsugar666,ridwankamil
kak_nans,CNNIndonesia
parnoora,Outstandjing
urbancikarang,ridwankamil
choco_mintberry,setkabgoid
priscillalukita,Outstandjing
kondekturbus_,yosuaandree
lemonadepies,mediocrickey
Ahmadaliibrahim,anjarisme
saul_we,Lady_Zeebo
saul_we,mochamadarip
masciotreasure,BNPB_Indonesia
Oposisi202,ustadtengkuzul
nana040461,G4kNyer4hBR0___
nana040461,DKIJakarta
nana040461,0O1972419
nana040461,aniesbaswedan
nana040461,conan_idn
nana040461,Kanseulir
nana040461,Kanseulir
nana040461,0O1972419
nana040461,Berkarya_Info
_Wiwis_Mbecak,_bayangan_semar
bukanistrinabi,isishaki
BksGojek,Penol86
sattoraji,anjarisme
ikadewin29,SalmaBrecht
KejuuLumer,AliscaLiza3
BP_Kaskus,anjarisme
AndhikaRadhitya,AchmadAnnama
ncangcimen,CNNIndonesia
ncangcimen,liputan6dotcom
budidarma,MGT_RADIO
bujang_minang,irwanprayitno
bujang_minang,nasrul_abitt
Bolanet,bolacomID
68Afz,podoradong
agneslisti,kompascom
r_martomo,kumparan
r_martomo,ridwankamil
r_martomo,xline_id
r_martomo,aniesbaswedan
mbagantengg,ridwankamil
mbagantengg,aniesbaswedan
JFairnando,RadioElshinta
djadasjah,podoradong
herafebriani,kumparan
agama_nusantara,kompascom
agama_nusantara,Lady_Zeebo
agama_nusantara,DTanjung15
agama_nusantara,ridwankamil
agama_nusantara,mochamadarip
fajrinhidayat,nrlsof
wongkamfungs,demoSoCRAZY
dodongc,anjarisme
Brians_AFC,podoradong
sielvhen95,GudhellMalioho1
vie_kusuma,dirgarambe
yudhauwuwu,isishaki
jhonievans3,podoradong
kangjigur__12,podoradong
ismailfahmi,kumparan
ismailfahmi,ridwankamil
ismailfahmi,anjarisme
ismahnf,anjarisme
kopitehkopi,DTanjung15
kopitehkopi,maoloodee
HermawanDeddy80,podoradong
vanrichie__,ridwankamil
abi_daawud,rickydp19
abi_daawud,kikasyafii
abi_daawud,mbhfur
abi_daawud,fjims
abi_daawud,rickydp19
abi_daawud,kikasyafii
abi_daawud,mbhfur
abi_daawud,fjims
abi_daawud,podoradong
abi_daawud,dirgarambe
basictapiasic,TirtoID
Ndrews1162011,JhondoexlxG
Ndrews1162011,JhondoexlxG
Official_OGI,aniesbaswedan
Official_OGI,ustadtengkuzul
rayenisme,kumparan
rozikinmshobrie,BawelNeverDies
vennarf,setkabgoid
EmancipateID,MahardhikaKita
alfanalfian,CNNIndonesia
alfanalfian,republikaonline
amelpcyy,DRespati2
Lord_Sakto,dirgarambe
Lord_Sakto,demoSoCRAZY
Lord_Sakto,tempodotco
Lord_Sakto,FEBRIANA_2506
Lord_Sakto,pikiran_rakyat
Lord_Sakto,tijabar
ardyramadh4n,KemenkesRI
ardyramadh4n,KemenkesRI
liriknadir,awkwardhuggerrr
januar9,kompascom
petaniproker,isishaki
GunGunG49169853,4smara1701
GunGunG49169853,G4kNyer4hBR0___
GunGunG49169853,aniesbaswedan
GunGunG49169853,firmanyursak
GunGunG49169853,marlina_idha
GunGunG49169853,OmBrewoks3
GunGunG49169853,Berkarya_Info
GunGunG49169853,hnurwahid
GunGunG49169853,PKSejahtera
GunGunG49169853,marlina_idha
GunGunG49169853,DKIJakarta
AchmadAnnama,_Fuzz23_
AchmadAnnama,petrucx28650138
Bobotoh_Cpd,ridwankamil
Bobotoh_Cpd,ridwankamil
zeinamegot,kompascom
puspitas_,vctrkmng
AVTirani,mediocrickey
badjinganrapuh,priskavanny
badjinganrapuh,TirtoID
Ian_Dianto,kompascom
McFloatMcD,diazseptagaluh
dePribumi,Reiza_Patters
thina_alfadela,TirtoID
wulan_chaca,kompascom
adindadoey05,antaranews
aditianoegroho,kumparan
KTRNTBT,vctrkmng
KTRNTBT,supermomo
polareuyo,haidaref
eslemonteh,ridwankamil
Serabie,K1ngPurw4
Serabie,Paltiwest
Serabie,aniesbaswedan
Serabie,Paltiwest
Serabie,podoradong
yvongloriabella,vctrkmng
zita_graunge,anjarisme
ZulPiliank,podoradong
mrtnyp,CNNIndonesia
agragragra,isishaki
ulilvaliaj_,infobogor
_wahyusaputro,podoradong
Affan_indra,RianRD3
Ffffffrdj,tijabar
ftchamiys,ridwankamil
khundhori79,podoradong
kamsidi_alex,podoradong
andiset31,Airin_NZ
tyasputri99,ridwankamil
Resof85,podoradong
Resof85,sosmedbw
60far60pay,Kadrun_GL
60far60pay,jokowi
60far60pay,perekonomianri
60far60pay,KontanNews
whiteopposition,BawelNeverDies
rudhizalfa,RomitsuT
didut,kumparan
didut,kumparan
dimassuryatmojo,ikameidynrc
diditprakoso127,podoradong
DamriIndonesia,uemarbak_RI
DamriIndonesia,iamjefri_
DamriIndonesia,ganesucks
lia_yuniar,JNECare
ebaskara7,podoradong
ebaskara7,isishaki
AlrasyidAad,detikcom
SintiaDewiRosa,ridwankamil
Nurulkjo1,podoradong
mawaluddin,donkardono
NonaSweetMocca,TeddyBearJilid2
_misstees,ridwankamil
azraav_,ridwankamil
RECOVERADIO,TolongJawab
deesilaisila,anjarisme
edelnotwise,rawontrash
Ajierz,podoradong
ElectraLaela,podoradong
gunsihombing,ridwankamil
adefs97,TKoncek
adefs97,infoSumbar
adefs97,mahyeldi_sp
adefs97,irwanprayitno
adefs97,DefriantaS
adefs97,muliawanramzy
agumeirizka,podoradong
a4_yudis_,tijabar
a4_yudis_,podoradong
dasadosol,podoradong
RealHajriHD,KemenkesRI
RealHajriHD,KemenkesRI
ND45MUpetal,podoradong
uniqueK5olshop,WahabisLokal
Arkarna007,DTanjung15
piiluss,uutrahmat
piiluss,anjarisme
piiluss,uutrahmat
piiluss,anjarisme
piiluss,anjarisme
priil15,JNECare
Jiwanggapraja,aniesbaswedan
fleuriravenue,bendol30
Mlys1364,tijabar
CaptYudi,podoradong
NYOkiteNGEBACOT,Lady_Zeebo
Nigellasativa5,podoradong
destikomala,myXLCare
yanisuparno,tijabar
yanisuparno,dirgarambe
yanisuparno,podoradong
bgamir3,CNNIndonesia
bgamir3,marlina_idha
bgamir3,DKIJakarta
bgamir3,0ll4_Butt3rfly_
dsundah,NuC_Pandeirot18
PPSDMPD,perkeretaapian
PPSDMPD,CommuterLine
reenafedeyka,podoradong
Aslipriok1973,cagubnyinyir2
ulfalutfa,CommuterLine
ulfalutfa,ridwankamil
digitalentity_,h09w4rtsStudent
digitalentity_,twelveaprel
owlia98,TirtoID
Sumarih2,4smara1701
Raanong,KompasTV
Raanong,anjarisme
To6o6lu,podoradong
To6o6lu,dirgarambe
SilitongaEfraim,DTanjung15
Lexunian,kumparan
Lexunian,podoradong
Lexunian,dirgarambe
Lexunian,VIVAcoid
Lexunian,kumparan
GrabID,dymszy
GrabID,eka_mansyur
GrabID,edwina_wyn
GrabID,bdrsetiaa
GrabID,SelvianaS
GrabID,blaxckboba
Voirmountagnes,podoradong
dpanjul25,satriohendri
MpieTaa,pikiran_rakyat
Ummibalqis6,podoradong
elang766,Jhonkosmik
elang766,podoradong
de_wa_ngga,supermomo
zubayribnawwam,Kanseulir
zubayribnawwam,podoradong
jejeefajar,anjarisme
feri_latief,CNNIndonesia
feri_latief,KATADATAcoid
feri_latief,KATADATAcoid
sitaevita,KATADATAcoid
MochAskar1,SalmaBrecht
MochAskar1,DivHumas_Polri
choiseeunghyun,dhiao
_Bakemono,CNNIndonesia
_Bakemono,CNNIndonesia
_Bakemono,Ali_Ridwan11
_Bakemono,CNNIndonesia
_Bakemono,dirgarambe
_Bakemono,podoradong
_Bakemono,tukangbotol
_Bakemono,CNNIndonesia
silmy_afiqa,podoradong
Dh4nieLee,SirianaGde
Dh4nieLee,jokowi
Dh4nieLee,DRespati2
Dh4nieLee,podoradong
Dh4nieLee,tijabar
jelitains,CNNIndonesia
ditaajeng96,vctrkmng
GembulMomo,dirgarambe
firmandamopoli,podoradong
yesitsIvan,anjarisme
emarlasmono,podoradong
emarlasmono,mas__piyuuu
maximus_syukur,Lady_Zeebo
paharpablo,podoradong
zimi95,RaihanFdaus
baichubaibai,infobdg
baichubaibai,ridwankamil
Ghifari58251803,flower_myth
GelarPrakosa,vctrkmng
Afiifahrach,TirtoID
dayanalady,vctrkmng
akuluka,oliviaherlinda
NegriMerahPutih,4smara1701
Tehawe1,dirgarambe
dedihermanto813,podoradong
inaalyana2,podoradong
inaalyana2,dirgarambe
phianggang,podoradong
noor_cak,DodyAidil
HDouboegiez,Clarra_Catz
HDouboegiez,flower_myth
HDouboegiez,0ll4_Butt3rfly_
HDouboegiez,aniesbaswedan
spinyleaved,supermomo
Heri13120841,podoradong
tonichan157,ANDINI_MAHARAN1
tonichan157,jokowi
rahmiputri_eka,CNNIndonesia
dheapck,BuruhSiluman
dreskyyy,hannirivandi
SitiMar098,hermantoregar
mirafriani_,supermomo
NgertiHukumID,maidina__
gombang,oliviaherlinda
LaeEnrich,adamfawara1
sarisetiawaty,dirgarambe
sarisetiawaty,marlina_idha
sarisetiawaty,DKIJakarta
sarisetiawaty,podoradong
tinkerdusk_,supermomo
GanisArfianiar,dirgarambe
GanisArfianiar,republikaonline
erteyoyo,SirianaGde
erteyoyo,jokowi
erteyoyo,dirgarambe
erteyoyo,firmanyursak
A4ndr1M4ahe3sa4,podoradong
yashadipura,podoradong
Delta_tofu,BungRetweet
Delta_tofu,marlina_idha
Delta_tofu,DKIJakarta
Delta_tofu,Jhonkosmik
Coffee_K83,podoradong
Coffee_K83,G4kNyer4hBR0___
Coffee_K83,CNNIndonesia
irideiwatch,TirtoID
vrendim29_,podoradong
gusfitatr,CNNIndonesia
IstyadiI,podoradong
IstyadiI,Imas23209529
rizki_50,ustadtengkuzul
dieyrocks,hannirivandi
blokMbca,kardonolimjadi
yunayah21_,TirtoID
nofhiis,anjarisme
yudhawirapp,Berkarya_Info
Opsir_nata,podoradong
S4LIR4,podoradong
Pradnand,isishaki
Pradnand,supermomo
hastarika,kemenkes
hastarika,jokowi
Cahyadi_refa,podoradong
KancutMeleduk,hannirivandi
kantongbolong82,dirgarambe
nhermawa,SalmaBrecht
CecepSyam,AchmadAnnama
Lutfisudar,sosmedbw
YayusLatte,drsyuk_InfoKes
keceinside,mediaindonesia
rahmathplubis,podoradong
bffb300aff02425,Paltiwest
bffb300aff02425,Reiza_Patters
bffb300aff02425,Lady_Zeebo
Kissemeck,republikaonline
Kissemeck,podoradong
Kissemeck,tijabar
GoTotheJek,dirgarambe
GoTotheJek,anjarisme
GoTotheJek,Lady_Zeebo
Alkauts64770372,ustadtengkuzul
Radhee08,DTanjung15
Mr_703n4_______,lisaamartatara4
Mr_703n4_______,ustadtengkuzul
Mr_703n4_______,mouza_zild
Mr_703n4_______,Mr_cosanostra
Mr_703n4_______,kopassos
shawolieyo,CNNIndonesia
Aastridwp,BuruhSiluman
Wahyu9,setkabgoid
farasyard,ridwankamil
kopiganja,oliviaherlinda
keyrrrrrrr,TirtoID
Jurubicarajkw,setkabgoid
m_natsirdmokrat,TangselTerbaru
m_natsirdmokrat,airinrachmi
m_natsirdmokrat,benyamindavnie
m_natsirdmokrat,WH_WahidinHalim
m_natsirdmokrat,PolitikToday
m_natsirdmokrat,temponewsroom
m_natsirdmokrat,rakyatmerdekaol
m_natsirdmokrat,Tangsel_Media
m_natsirdmokrat,Kabar_Tangsel
m_natsirdmokrat,humastangsel
m_natsirdmokrat,m_natsirdmokrat
m_natsirdmokrat,TangselTerbaru
m_natsirdmokrat,airinrachmi
m_natsirdmokrat,benyamindavnie
m_natsirdmokrat,WH_WahidinHalim
m_natsirdmokrat,PolitikToday
m_natsirdmokrat,temponewsroom
m_natsirdmokrat,rakyatmerdekaol
m_natsirdmokrat,marlina_idha
melvabee,yuditadtyaa
amarachma,ridwankamil
arif_rhakim,aniesbaswedan
arif_rhakim,DKIJakarta
catalinasierraa,CNNIndonesia
jennifergbrl,isishaki
yennsss,vctrkmng
Permanafazartea,datukpancilok
Permanafazartea,lisaamartatara4
doelraman,BungRetweet
nianugroho,dirgarambe
moncekiuk,DTanjung15
RRoekmito,_UltraPetita
ketanitemmmm,kompascom
PrijaRabbani_,jawapos
PrijaRabbani_,geloraco
PrijaRabbani_,hermantoregar
PrijaRabbani_,jpnncom
alvinrezaw,yosuaandree
mjshfly,tigerraawwrr
Dee_01984,__So3daRNo
Dee_01984,Abby_Budiyono97
Dee_01984,myozhyme
Dee_01984,Aprilaza9
Dee_01984,AriestaRiico
Dee_01984,TriSumaryanto
Dee_01984,PLullua
Dee_01984,Aryprasetyo85
Dee_01984,bang_ajoen79
Dee_01984,Black_lleviant
Dee_01984,catatankakihati
Dee_01984,sbn_bejoo
Dee_01984,NenekLoso
Dee_01984,Robert_Mosses2
krysstallx,lejegno
hwangbiii,ridwankamil
maureenmoz,dirgarambe
mudzakirmanaf,dirgarambe
bangdedds,okezonenews
perasagulaaa__,BNPB_Indonesia
mangdiman07,demoSoCRAZY
ayuid27,republikaonline
SandhookAwaken1,HukumDan
AhmadSuaib77,Kanseulir
MarcoGunawan11,vctrkmng
gatot30,tempodotco
gatot30,demoSoCRAZY
deemound,CNNIndonesia
nisrinasahlis,anjarisme
nisrinasahlis,kumparan
edwina_wyn,GrabID
nayalifah,icaaaaaad
rocobasilisk,tempodotco
adhen_flow,aniesbaswedan
danayaas,yosuaandree
cahyakumara,HukumDan
FitriFujianti,ridwankamil
MOTION975FM,kompascom
bpbd_prob,BNPB_Indonesia
LangitnyaCerah,KucingNanase
dodolkollak,ustadtengkuzul
schkyu,CNNIndonesia
pilrecious,hufflebij
YusrilFahmiAda1,setkabgoid
dtwrdtm,CommuterLine
dtwrdtm,dirgarambe
istiqomah1407,liputan6dotcom
Anggunadn,anjarisme
divhranda,ridwankamil
penyejuk_hati_,priskavanny
basoamir,republikaonline
KucingNanase,LangitnyaCerah
luthfilik,RDNADN
andinamitaa,kumparan
andinamitaa,ridwankamil
Karisma_Jakarta,firmanyursak
Karisma_Jakarta,Reiza_Patters
RekhaRHR,ridwankamil
DzAzimarasyid,firmanyursak
dhantyamaliamp,hermantoregar
atin_lj,detikcom
sipayung_amran,SalmaBrecht
haowevermint,TirtoID
NS_driver,Sir_Edwin
YoyokSubandriy3,TMCPoldaMetro
YoyokSubandriy3,TMCPoldaMetro
YoyokSubandriy3,DivHumas_Polri
Danaranindito,kumparan
LoneAlonAe,ridwankamil
AldilaSandra,Penol86
Gojlagpol,SalmaBrecht
arif_hil,a_makki
arif_hil,catchmeupid
arizalmania,tijabar
arizalmania,mas__piyuuu
naga_ulung,DRespati2
naga_ulung,tijabar
Adudu7231,SirianaGde
Adudu7231,jokowi
Adudu7231,ANDINI_MAHARAN1
Adudu7231,jokowi
awaners,ridwankamil
cetaphiler,TirtoID
panca66,irwan_fecho
ffernandoid_,TirtoID
Rio_ramadhan_,kumparan
rindaaabcde,ridwankamil
utho_,liputan6dotcom
utho_,GueNKRI
utho_,na_dirs
utho_,kumparan
utho_,ridwankamil
utho_,kompascom
BoBaCksLasH,hermantoregar
jhsumidi,0O1972419
jhsumidi,aniesbaswedan
diyanherdi,noviantiputri22
alloongg,TirtoID
batharabanyu,TirtoID
heyaaven,ridwankamil
mikahakim3,Kanseulir
mikahakim3,marlina_idha
mikahakim3,DKIJakarta
mikahakim3,Berkarya_Info
Ardi01879,dirgarambe
CQJiao,KemenkesRI
CQJiao,DKIJakarta
CQJiao,KemenkesRI
CQJiao,KemenkesRI
bangwin007,detikcom
Romelmasykuri,ainunnajib
IhsanRizki_48,ridwankamil
AgusSus65395064,DTanjung15
ariefbudiawan7,dirgarambe
Riezky_Lev,adamfawara1
lanunatuna,marlina_idha
lanunatuna,DKIJakarta
lanunatuna,demoSoCRAZY
lanunatuna,Cobeh09
lanunatuna,wawat_kurniawan
lanunatuna,ustadtengkuzul
lanunatuna,Kanseulir
doudyTATIPANG,mnctrijayafm
adhe_cj,Budiawan1985
adhe_cj,matamelihat999
adhe_cj,Minang_cyber
adhe_cj,jokowi
msaid_didu,tempodotco
msaid_didu,hermantoregar
msaid_didu,AchmadAnnama
msaid_didu,tijabar
hadiprayitno82,Beritabaruco
kiswanpuato,liputan6dotcom
tulskylunsky,CNNIndonesia
RockersPantura,Suyudiyanto
RockersPantura,RockersPantura
gilang_sat,adamfawara1
swarilaksmi,mediocrickey
sxftbxi,infobdg
sxftbxi,ridwankamil
Sjaechu,hannarayliza
Itsjiminssi,icebccst
Itsjiminssi,WhatsAppld
maherhilldi,dirgarambe
DianAprila,CNNIndonesia
hyeoksshi,CNNIndonesia
sigitigisigit,BungRetweet
Masdjodi1,tempodotco
Masdjodi1,DRespati2
Masdjodi1,republikaonline
Masdjodi1,tijabar
Masdjodi1,ustadtengkuzul
Dyp_ta,DTanjung15
irdaaftmh,jayakabajay
IbhamJ,tijabar
TyrellMartell,infobdg
TyrellMartell,ridwankamil
AEPishere,kompascom
AEPishere,eko_kuntadhi
AEPishere,liputan6dotcom
AEPishere,Bisniscom
AEPishere,kompascom
AEPishere,mediaindonesia
AEPishere,Bisniscom
AEPishere,FIMELAdotcom
NUGROS13,Reiza_Patters
BenaTora,marlina_idha
BenaTora,DKIJakarta
kotaksegiempat,mulyahati_
boaedane,TirtoID
boaedane,kumparan
rahminova2,firmanyursak
rahminova2,WisnuRamadi
rahminova2,dirgarambe
AbolichdZ,nusawartainfo
AbolichdZ,_hermana_t
AbolichdZ,DKIJakarta
AbolichdZ,aniesbaswedan
Rudihartonos,DRespati2
Galih_Akek,QalbuBahasa
Galih_Akek,DTanjung15
Fredy_Santana01,marlina_idha
Fredy_Santana01,DKIJakarta
Fredy_Santana01,ustadtengkuzul
setengah_jalan,ridwankamil
Elinlinlon,TirtoID
salsabilawnnd,yosuaandree
fathiyahfikri,nideadea_
fathiyahfikri,aulialiya_
najwa2_nashwan1,sosmedbw
nolentan,kumparan
PutraErlangga_,sunda_002
MT_Reborn,tijabar
Alviah_maniez,SalmaBrecht
siskanramdan,TirtoID
sofianrohman,BawelNeverDies
sofianrohman,OmBrewoks3
sofianrohman,mas__piyuuu
sofianrohman,ustadtengkuzul
_Ti_Sultan_,Mr_703n4_______
suciraamadini,ridwankamil
tullipr,ridwankamil
ohbabymoon,CNNIndonesia
Adipativan,maylaghayatri69
zulvaryan,mediocrickey
RickyKardjono,anom1392
iimrusyamsi,okoceindonesia
iimrusyamsi,sandiuno
YuliYullie13,4smara1701
YuliYullie13,DKIJakarta
YuliYullie13,Berkarya_Info
YuliYullie13,dirgarambe
resitadewii,TirtoID
DARGOMBES7373,Lady_Zeebo
Didi22101409,K1ngPurw4
Didi22101409,Kanseulir
IwagEvolution,TirtoID
msahlansip,tijabar
msahlansip,TirtoID
penjamoonitja,vctrkmng
evunkhadi,ridwankamil
Thallasxphile,tijabar
putragaruda27,Bisniscom
putragaruda27,dirgarambe
putragaruda27,Bisniscom
birgittagrace,TirtoID
yon_egoist,Lady_Zeebo
Oposisi46,ustadtengkuzul
Oposisi46,DRespati2
life_happyk,TirtoID
__lelaamuslimin,TirtoID
Puspaadamay,OfficialiNewsTV
Puspaadamay,ridwankamil
adindamutia,TirtoID
anissa_saputri,ridwankamil
antonkerenz1,dirgarambe
herlambang_tan,dirgarambe
Nadamariskaaa,TirtoID
mol_a_ik,dirgarambe
barfinsya,TirtoID
Renaisanc,CNNIndonesia
Renaisanc,CNNIndonesia
Renaisanc,dirgarambe
Renaisanc,TirtoID
AlberaD5,Lady_Zeebo
nuelbecca1922,CNNIndonesia
ajinhaha,CNNIndonesia
ajinhaha,TirtoID
OmBruBANS,adamfawara1
Yayangaja7,patriot016610
Yayangaja7,aniesbaswedan
Yayangaja7,dirgarambe
Ditassr,CommuterLine
Hari_istanto21,KRHMulyodiningr
anoe_freelance,setkabgoid
riskysoelaeman,infobdg
riskysoelaeman,ridwankamil
awaluyas,SalmaBrecht
ToufanWH,CNNIndonesia
EzzyKenzaki,mediocrickey
nanaluvvv_,CNNIndonesia
ardyrei,DRespati2
Xaver25761586,SalmaBrecht
Xaver25761586,CNNIndonesia
rirrydwifitr,ridwankamil
deandry,Haidary__
deandry,MediaRakyat_
deandry,arwidodo
deandry,kabarsleman
deandry,dirgarambe
AnnisaMonitha,Ali_Ridwan11
AnnisaMonitha,CNNIndonesia
delyulyulk,dirgarambe
BeatsGI,Kadrun_GL
BeatsGI,jokowi
BeatsGI,perekonomianri
rezafachrial,mediocrickey
lustinghost,vctrkmng
DSagha,mediocrickey
Ungkapkan3,SalmaBrecht
mediocrickey,vctrkmng
barasatriaaa,mediocrickey
meyz_merry,RoyNasu55711381
meyz_merry,DivHumas_Polri
meyz_merry,DivHumas_Polri
urdandln,ridwankamil
angewwie,mediocrickey
pikapica_1933,urbancikarang
Ita_Icupuchino,vctrkmng
hevkyayu,kumparan
hevkyayu,ridwankamil
SMILE39461132,dirgarambe
franxvvv,DTanjung15
franxvvv,ridwankamil
agusnov99,WahabisLokal
enambelas07__,DRespati2
moh_chandra5,jayakabajay
Zul__88,Lady_Zeebo
Hamka_Kdz,firmanyursak
Hamka_Kdz,dirgarambe
rumaisasha,ridwankamil
beacukaipriok,erwin_airwind
budiwarsawa,dirgarambe
raihan_harry,ustadtengkuzul
raihan_harry,CarlesSimanjun5
Vanesshaness,atikahftr_
dianbejo1,sosmedbw
ccb_612104,inizev_wkwk
Yohananabila01,Paltiwest
Yohananabila01,SalmaBrecht
Yohananabila01,aniesbaswedan
Yohananabila01,aagym
Yohananabila01,Paltiwest
Yohananabila01,Reiza_Patters
Yohananabila01,Correcto_ID
Yohananabila01,SalmaBrecht
NannyAlexendry,__MV_llestari__
NannyAlexendry,1trenggalek
NannyAlexendry,1trenggalek
BatubaraFahreza,K1ngPurw4
BatubaraFahreza,marlina_idha
BatubaraFahreza,DKIJakarta
BatubaraFahreza,tijabar
infodigimarket,CNNIndonesia
AuroraAcong,Correcto_ID
HafitSetyabudi,marlina_idha
HafitSetyabudi,dirgarambe
HafitSetyabudi,Berkarya_Info
empud__,DRespati2
empud__,ustadtengkuzul
sari00925317,tijabar
slametabusalam,AchmadAnnama
tipaa,isishaki
bebekgorengg_,rndypt2
dibatas_kota,mas__piyuuu
Tony_Harto,republikaonline
Tony_Harto,jokowi
Tony_Harto,mohmahfudmd
Tony_Harto,airlangga_hrt
Tony_Harto,ridwankamil
Tony_Harto,CNNIndonesia
Tony_Harto,jokowi
Tony_Harto,mohmahfudmd
Tony_Harto,airlangga_hrt
Tony_Harto,CNNIndonesia
Tony_Harto,ridwankamil
Tony_Harto,tribunnews
Tony_Harto,jokowi
Tony_Harto,mohmahfudmd
Tony_Harto,airlangga_hrt
CharlioMoerdadi,Reiza_Patters
CharlioMoerdadi,marlina_idha
CharlioMoerdadi,Kanseulir
CharlioMoerdadi,WisnuRamadi
rizkisaputra300,kompascom
icblues,Metro_TV
utushardiono,ridwankamil
tamikecil,Sir_Edwin
rsmpeb,ridwankamil
harsohananto,ustadtengkuzul
veryluckylady88,ridwankamil
ditjenkesmas,KemenkesRI
ditjenkesmas,KemenkesRI
IdeBagus_store,marlina_idha
Adebayo46547328,marlina_idha
AlessLili,tijabar
_pedangkeadilan,Muhamma95980500
_pedangkeadilan,susipudjiastuti
_pedangkeadilan,_pedangkeadilan
ozill29,aniesbaswedan
fasyam7,Reiza_Patters
Mie_Goyeng,adiiyulianto
mascepp,ridwankamil
mascepp,CNNIndonesia
mascepp,setkabgoid
kampusstan,dirgarambe
Azria_muhamad,ridwankamil
setnug_,vctrkmng
_______mustbhec,infobdg
_______mustbhec,ridwankamil
Adriaranta1,BawelNeverDies
VemaleDotcom,FIMELAdotcom
KapanLagicom,FIMELAdotcom
revyaprillia,setkabgoid
LiaIsti1,RiuUtomoRizki
LiaIsti1,ridwankamil
AlternatifIman,dirgarambe
H3N1_BangoR,tijabar
justbob616,mediaindonesia
justbob616,DTanjung15
agnov121,DTanjung15
ernamysf,setkabgoid
fahmimulyana_,bobakenyal
Indr4_F4uz1,aniesbaswedan
cerichups,CNNIndonesia
imanhidayat1280,SalmaBrecht
nuninu9,dirgarambe
nuninu9,ridwankamil
surewon9090,DRespati2
surewon9090,DRespati2
InesPutri10,setkabgoid
RiuUtomoRizki,ridwankamil
zuriswanfajri,tijabar
zuriswanfajri,ridwankamil
zuriswanfajri,4smara1701
zuriswanfajri,DKIJakarta
zuriswanfajri,ridwankamil
zuriswanfajri,ridwankamil
SuporterOposisi,OposisiCerdas
AymanAlatas,dirgarambe
ansharas,SalmaBrecht
K_Bantargebang,humasbekasikota
OssyDermawan,hermantoregar
DThizi,FEBRIANA_2506
triynti,CNNIndonesia
oosheep_,bukant0p
dinodachi03,tijabar
dinodachi03,Kanseulir
kerta_jwardhana,CNNIndonesia
isna72rosyid,Lady_Zeebo
isna72rosyid,DTanjung15
Saefullahasp,CommuterLine
Muhamma11761378,DRespati2
goblog_alami,Lady_Zeebo
KurniaChen,dirgarambe
Muhamma95980500,susipudjiastuti
Muhamma95980500,_pedangkeadilan
SartikAlifah,ridwankamil
itsm3lana,DRespati2
Wulan_Sesuk,4smara1701
Wulan_Sesuk,DKIJakarta
sasikarani16,IndosatCare
KAI121,abibi_kurniawan
KAI121,ArtEdukasi
KAI121,arwiani
adahikmahna,diarifka
kartikahari13,jawapos
kartikahari13,DRespati2
kartikahari13,jawapos
edje_y2h,Salamah110476
SalmaBrecht,bacautas
SalmaBrecht,I_Am_Nesia
SalmaBrecht,threadreaderapp
SalmaBrecht,TheCoboyRiders_
SalmaBrecht,SalmaBrecht
Athar69046912,Lady_Zeebo
Mhmdikbal_,santikhrsm
umenumen,Penol86
emyot_ointoe,Jhonkosmik
tiaraprtw_,ridwankamil
DAPranata,K_herka_S
DAPranata,K_herka_S
DAPranata,aniesbaswedan
DAPranata,LordBP_
DAPranata,GrabID
DAPranata,gojekindonesia
novanjou,KhofifahIP
EdiManik6,Mr_703n4_______
EdiManik6,salimshasa
EdiManik6,msaid_didu
EdiManik6,KRMTRoySuryo2
EdiManik6,mas__piyuuu
EdiManik6,AdhieMassardi
EdiManik6,podoradong
EdiManik6,mas__piyuuu
EdiManik6,ReestyCayah
EdiManik6,ANDINI_MAHARAN1
otherlyfes,tijabar
nimaslien,vctrkmng
dwiciptobn,KAI121
dwiciptobn,ArtEdukasi
dwiciptobn,KontanNews
Finadna,ridwankamil
WisnuRamadi,tijabar
WisnuRamadi,Reiza_Patters
WisnuRamadi,cnbcindonesia
BersihMakassar,nurdinabdullahh
BersihMakassar,CNNIndonesia
bangtoge,dirgarambe
bangtoge,marlina_idha
bangtoge,DKIJakarta
raditya3003,Lady_Zeebo
aikido_bushido,SalmaBrecht
Bhijeee,vctrkmng
rihadita,mnctrijayafm
MadALhaddaR,DRespati2
MadALhaddaR,sosmedbw
adjie_gumelar,SalmaBrecht
kuahgvrl,qoktv
gataupusinng,CNNIndonesia
BinarMentari_OK,CNNIndonesia
BinarMentari_OK,reno_2
EdisonSihombi15,BawelNeverDies
titaniachant,yosuaandree
9uinevere,CNNIndonesia
taufiknugraha,setkabgoid
septianyudha73,ridwankamil
EDitektif,tijabar
EDitektif,tijabar
infoSumbar,TKoncek
infoSumbar,infoSumbar
infoSumbar,mahyeldi_sp
infoSumbar,irwanprayitno
aldayuriska,CNNIndonesia
rahmansaleh8,hnurwahid
rahmansaleh8,PKSejahtera
Sagatha_5,ridwankamil
opikfino,CNNIndonesia
yoke_cihuy,dirgarambe
FirdsAmri,dwivayulia
abdullah201179,aniesbaswedan
abdullah201179,ragunanzoo
Toni82598734,DTanjung15
avia_noer,ridwankamil
IenSolihin,tijabar
ekosunyo18,SalmaBrecht
ekosunyo18,Lady_Zeebo
AyundaNaditya,Correcto_ID
AyundaNaditya,Lady_Zeebo
bayuagni_,aslich
bayuagni_,wilsonsitorus
thxamnesia,thxamnesia
ata_cut3,irsmm_id
ata_cut3,irsmm_id
maula679,dirgarambe
tasyadeviana_,tijabar
AstraHondaCare,ramamularto
AstraHondaCare,ramamularto
denztyo,ridwankamil
GillangAjeee,ridwankamil
CimaHusein,medcom_id
vicopradipta,vctrkmng
ekaseptiarini,muthiyahs
TsTsp71,ustadtengkuzul
Ghadin_Pghabu,ustadtengkuzul
bhaja27,salimshasa
bhaja27,msaid_didu
bhaja27,KRMTRoySuryo2
bhaja27,mas__piyuuu
bhaja27,AdhieMassardi
bhaja27,podoradong
bhaja27,mas__piyuuu
bhaja27,ReestyCayah
bhaja27,ANDINI_MAHARAN1
h_refegon,AchmadAnnama
BachtiarAby,Lady_Zeebo
eginideh,isishaki
Gunawan_bagol,TeddyGusnaidi
Gunawan_bagol,jokowi
Gunawan_bagol,TeddyGusnaidi
Gunawan_bagol,AchmadAnnama
Gunawan_bagol,Kemenkumham_RI
Gunawan_bagol,LaolyYasonna
Gunawan_bagol,mohmahfudmd
Gunawan_bagol,fadlizon
Gunawan_bagol,fahiraidris
Gunawan_bagol,KRMTRoySuryo2
Gunawan_bagol,podoradong
ernaaabcd,CNNIndonesia
Rajawalimerah3,ridwankamil
anom1392,RickyKardjono
keydoie,kyumiracle
keydoie,PHILUOCALIST
besokun2112,schfess
SutanRajaHsb1,Kanseulir
SutanRajaHsb1,SirianaGde
SutanRajaHsb1,jokowi
SutanRajaHsb1,ustadtengkuzul
TuguMuda_Jersey,Metro_TV
TuguMuda_Jersey,CNNIndonesia
TuguMuda_Jersey,kumparan
TuguMuda_Jersey,tempodotco
TuguMuda_Jersey,kumparan
TuguMuda_Jersey,setkabgoid
TuguMuda_Jersey,kumparan
TuguMuda_Jersey,republikaonline
TuguMuda_Jersey,CNNIndonesia
TuguMuda_Jersey,kumparan
twenyonepailit,ridwankamil
sabriahrazak,mas__piyuuu
H4NES234,Lady_Zeebo
supriya62582459,Ujang81339058
supriya62582459,tijabar
supriya62582459,Namaku_Anisa
supriya62582459,tijabar
ilhaaaaammmmm,Kadrun_GL
ilhaaaaammmmm,jokowi
ilhaaaaammmmm,perekonomianri
blue_facez,aniesbaswedan
blue_facez,Mr_703n4_______
blue_facez,BawelNeverDies
RoyBask,dirgarambe
OpiniRakyat2,CNNIndonesia
jgudel2,CNNIndonesia
jgudel2,Lady_Zeebo
jgudel2,kompascom
myidviri,liputan6dotcom
FirdaSyeban,ustadtengkuzul
FirdaSyeban,CarlesSimanjun5
nilaambara87,mas__piyuuu
ajiharyowibowo,Kadrun_GL
ajiharyowibowo,jokowi
ajiharyowibowo,perekonomianri
uketri,vctrkmng
nurkholiswyd,CNNIndonesia
TrioMacari2000,mas__piyuuu
mas_ngandre,ogyastaman
mas_ngandre,ediasmawan
mas_ngandre,TeddyGusnaidi
mas_ngandre,aniesbaswedan
mas_ngandre,sosmedbw
mas_ngandre,aniesbaswedan
mas_ngandre,DKIJakarta
Tumbrasss,CNNIndonesia
Tumbrasss,marlina_idha
Tumbrasss,DKIJakarta
LanetFarenheit,SalmaBrecht
PreitzeI,tijabar
ameowricanooo,ridwankamil
ridwanrachmadi,MardaniAliSera
hanief_syafi,mediocrickey
AlfaaRabithah,kumparan
yatsatc,4bdullah_99
yatsatc,KumajasRobby
yatsatc,RinaldiAdrian85
yatsatc,AdzkarRahmat
yatsatc,riva1410
yatsatc,Ghane_sa
yatsatc,teuku_rizal2
yatsatc,arisetya27
yatsatc,Hanif_Queitaire
yatsatc,AlyaAlmayra
yazid_fadhlan,republikaonline
yazid_fadhlan,100kpjcom
valentina_rama,WahabisLokal
WartaPewarta,DRespati2
LeylaHana,liputan6dotcom
We_dabelyu,flower_myth
surodilagan,sahabatanies_
surodilagan,aniesbaswedan
surodilagan,PartaiSocmed
infahiw,ridwankamil
bbyymoon,ambvrtsanguinis
GoToJATIASIH,republikaonline
GoToJATIASIH,KompasTV
GoToJATIASIH,ridwankamil
ReshaRakasiwi,DTanjung15
RoellyRosuli,Lady_Zeebo
VLSR1210,CNNIndonesia
VLSR1210,CNNIndonesia
VLSR1210,CNNIndonesia
anggifatmah,PRFMnews
anggifatmah,infobdg
anggifatmah,ridwankamil
BaldmanBegins,isishaki
anandafaza21,ridwankamil
bucinoren,CNNIndonesia
papermintkatnis,nblarzqyy
cakraklik,vctrkmng
a_wahyuwijaya,Asepsae08
muhammadsyamir,AchmadAnnama
muhammadsyamir,tijabar
muhammadsyamir,mas__piyuuu
GuhTIP,ChangeOrg_ID
AchmadyaniAy70,Mr_703n4_______
AchmadyaniAy70,AchmadAnnama
AchmadyaniAy70,CNNIndonesia
graciyella,yosuaandree
nuruluyf93,ridwankamil
DMainovel,conan_idn
yusiwisinar,dirgarambe
ph_sajalahhh,ridwankamil
imadarch,KawalCOVID19
imadarch,BNPB_Indonesia
aladintea70,Lady_Zeebo
bungsulananggg,tijabar
walhq,CNNIndonesia
vrrlvndr,CelestineHendra
widy,dirgarambe
4bdullah_99,yatsatc
4bdullah_99,KumajasRobby
4bdullah_99,RinaldiAdrian85
4bdullah_99,AdzkarRahmat
4bdullah_99,riva1410
4bdullah_99,Ghane_sa
4bdullah_99,teuku_rizal2
4bdullah_99,arisetya27
4bdullah_99,Hanif_Queitaire
4bdullah_99,AlyaAlmayra
MMurdial,Kanseulir
iamstwn,ridwankamil
aditpermadi,kumparan
aditpermadi,ridwankamil
ananta_aj,dirgarambe
rizkimaulana_93,CNNIndonesia
imbangimedia,tijabar
imbangimedia,DRespati2
imbangimedia,SirianaGde
imbangimedia,jokowi
imbangimedia,ustadtengkuzul
hermantoregar,ibram_este
summa_isme,AchmadAnnama
summa_isme,msaid_didu
Radit_05,Bisniscom
penjordroid,cnbcindonesia
kyumiracle,keydoie
BudiatnoGomarus,SalmaBrecht
tatargaluh77,Reiza_Patters
buzerman18,Lady_Zeebo
DAWGS000,HukumDan
DAWGS000,setkabgoid
DAWGS000,jokowi
IVANNA90517538,DTanjung15
sparta1609,Kanseulir
NamaSayaAldi,setkabgoid
dillanatisha,CNNIndonesia
JaritaKirana,CNNIndonesia
JaritaKirana,ustadtengkuzul
karnatjahyana,mamiagarislucu
karnatjahyana,Ngkong__Roses01
bob_rahmat,AchmadAnnama
D4N_Like19,PRFMnews
Jcapaldi59,SalmaBrecht
Jcapaldi59,DTanjung15
isagaaa,setkabgoid
yosuaandree,drhaltekehalte
ngonlain,RadioElshinta
ngonlain,CommuterLine
ngonlain,TMCPoldaMetro
iqiekantata,TirtoID
iqiekantata,TirtoID
Khasan00175949,DRespati2
thiasmeiarsi,tukangbotol
thiasmeiarsi,CNNIndonesia
rizfanrifaii,mediocrickey
priacoklatt,dirgarambe
thanksindomie,CNNIndonesia
RiswanHaris212,tijabar
RiswanHaris212,SirianaGde
RiswanHaris212,jokowi
RiswanHaris212,AchmadAnnama
demoSoCRAZY,G4kNyer4hBR0___
demoSoCRAZY,DKIJakarta
demoSoCRAZY,tijabar
AsnidaFany,ridwankamil
anugarin,detikcom
Signorina07,4smara1701
Signorina07,DKIJakarta
Signorina07,tijabar
Signorina07,tijabar
DonAdam68,Reiza_Patters
DonAdam68,dirgarambe
DonAdam68,SirianaGde
DonAdam68,jokowi
Isantichandra90,KojekRapBetawi
Isantichandra90,dirgarambe
DadiSadadi,aniesbaswedan
bibitmecin,ridwankamil
bibitmecin,CNNIndonesia
bibitmecin,CNNIndonesia
apien_k19,Yono_Tankian
apien_k19,tijabar
apien_k19,dirgarambe
akuluthfi,isishaki
ulil,dirgarambe
gausabctanj,umaaamchoirul
IndividuBebas13,isishaki
egoen800,RadioElshinta
egoen800,BNPB_Indonesia
mocakbar,kumparan
mocakbar,ridwankamil
ridh_onee,rmolbantencom
ridh_onee,DRespati2
hafizdwah,ahnafsyarif1
baca_tanda,AchmadAnnama
ddearmando,faiz8rabbani
ulitrisnani,marlina_idha
ulitrisnani,Kanseulir
iqbalsetiawan,ridwankamil
moprat02255,kumparan
kewpobangedh,hermantoregar
Ainurrofiq_Opiq,ILCtv1
sepeda_yakult,ridwankamil
sepeda_yakult,mediocrickey
kp2c_info,kumparan
SheeraKe,Lady_Zeebo
donkardono,mawaluddin
donkardono,nm_bondan
firmangrh,ridwankamil
siabay,Reiza_Patters
shopanddrive,hen30s
ghn_al,ridwankamil
yusuf_iye,tijabar
RachmadMD,aniesbaswedan
gita_putri94,leewoopzie
gita_putri94,leewoopzie
PuttyAnnisa,adiiyulianto
ricowahyudi,4smara1701
bejokdi,DTanjung15
Tukijo__,tijabar
ygn_21,CNNIndonesia
Nuuur2424,infobdg
Nuuur2424,ridwankamil
SartonoHutomo,Demokrat_TV
SartonoHutomo,FPD_DPR
SartonoHutomo,irwan_fecho
Sandi_alfarizie,CNNIndonesia
Sandi_alfarizie,kumparan
dyahwie,setkabgoid
PT_Transjakarta,abcdyahhh
PT_Transjakarta,DzakwanFirst
PT_Transjakarta,PT_Transjakarta
muhrasyidMN,ridwankamil
bejanawaktu,tiffaniafifa
baby_alien28,Penol86
baby_alien28,noe_roelz
baby_alien28,noe_roelz
zulZivilia,CNNIndonesia
jonbossqoe,kumparan
elmira_alkha,Lady_Zeebo
Namaku_Anisa,tijabar
Adtykrnwn,vctrkmng
hen1n9,Jhonkosmik
Yantisyifa,marlina_idha
Yantisyifa,DKIJakarta
Yantisyifa,republikaonline
tyoprama,aniesbaswedan
bernadgh,DTanjung15
bernadgh,Lady_Zeebo
jewooseu,CNNIndonesia
ntieonly,ustadtengkuzul
dian_noeh,ridwankamil
nazariaaap,ridwankamil
AdhityaFachri,isishaki
reviel08,BawelNeverDies
relawandiabaikn,RomitsuT
relawandiabaikn,DRespati2
relawandiabaikn,tijabar
astritriast,kumparan
astritriast,kumparan
astritriast,kumparan
Antonmiharjo,100kpjcom
KangAndiFirdaus,CNNIndonesia
justandhi,isishaki
EricRicaldo,DTanjung15
EricRicaldo,Hentieuxoge
earthplanetes_,bangunterlelap
arminggaAR,daverevano
kitsiangfreddy,ridwankamil
bataIdemihukum,mediocrickey
syifaaaahh,ridwankamil
kyuaction_,kumparan
kyuaction_,kumparan
erickfrds,isishaki
erickfrds,mediocrickey
MrsPlutonian,KompasTV
luharits,ekakunjeri
bangunterlelap,gashapun
bangunterlelap,earthplanetes_
bangunterlelap,dadodadolontonq
bangunterlelap,seok2seok
dedarksun,kumparan
DzakwanFirst,PT_Transjakarta
marinarambe,dirgarambe
hk_jorrs,RadioElshinta
hk_jorrs,SonoraFM92
smatemsa,ustadtengkuzul
erlinajogja695,aniesbaswedan
erlinajogja695,CNNIndonesia
herry_zudianto,Bisniscom
P2selalu,Mr_703n4_______
bangRoyTob,mediaindonesia
bangRoyTob,RickyKardjono
iyakhansaa,jayakabajay
patihq_patria,DTanjung15
fadli_tamam,CNNIndonesia
fadli_tamam,setkabgoid
yutamissyuuu,CNNIndonesia
Kristina_linaa,Bisniscom
Gus_Kalacakra,BawelNeverDies
aripandudy_,HelmyHusada
aripandudy_,ErwanHH
dedentr,BawelNeverDies
farhanCG,ridwankamil
fatinpane,ridwankamil
fatinpane,Bemz_Q
fatinpane,SirianaGde
fatinpane,jokowi
adamlfs,dirgarambe
lala_7995,ridwankamil
jokoselong,ridwankamil
jokoselong,OfficialiNewsTV
jokoselong,rmolbantencom
jokoselong,ridwankamil
jokoselong,ridwankamil
MAliSubhan2,Paltiwest
MAliSubhan2,Reiza_Patters
agussusenoitonk,demoSoCRAZY
andiana,ridwankamil
andiana,Bemz_Q
devia_aru,isishaki
Rio_kelson,ridwankamil
Rio_kelson,CNNIndonesia
ajengalifa,isishaki
ajengalifa,jayakabajay
Bemz_Q,ridwankamil
Bemz_Q,ridwankamil
Bemz_Q,ridwankamil
cheyowns,vxaaraya
cheyowns,CEOZICO92
cheyowns,98GOTLEEKNOW
R_Syuhada8,Pisendo
R_Syuhada8,RoyAbdurrachman
R_Syuhada8,pati35209192
R_Syuhada8,ibuedey
R_Syuhada8,eros_ei
R_Syuhada8,HSubiyaktono
R_Syuhada8,MMargani5
R_Syuhada8,caplun6
R_Syuhada8,asbun110
R_Syuhada8,fatkur_isti
R_Syuhada8,Cah___Angon
R_Syuhada8,SyudyDyman
R_Syuhada8,AinaQueen5
R_Syuhada8,AlwaysB_mine
R_Syuhada8,AjIa7a_lah
R_Syuhada8,_Ti_Sultan_
R_Syuhada8,pribum1
R_Syuhada8,ZafrArdR
R_Syuhada8,_Nis___
R_Syuhada8,RoyAbdurrachman
R_Syuhada8,pati35209192
R_Syuhada8,ibuedey
R_Syuhada8,eros_ei
R_Syuhada8,HSubiyaktono
R_Syuhada8,MMargani5
R_Syuhada8,caplun6
R_Syuhada8,asbun110
R_Syuhada8,fatkur_isti
R_Syuhada8,Cah___Angon
R_Syuhada8,SyudyDyman
R_Syuhada8,Pisendo
R_Syuhada8,AinaQueen5
R_Syuhada8,AlwaysB_mine
R_Syuhada8,AjIa7a_lah
R_Syuhada8,_Ti_Sultan_
R_Syuhada8,pribum1
R_Syuhada8,ZafrArdR
R_Syuhada8,_Nis___
robin_kev,Lady_Zeebo
Mal060687,ridwankamil
Mal060687,ridwankamil
Mal060687,DKIJakarta
Mal060687,tijabar
laodesahrulan,Berkarya_Info
Arjuna_F,ridwankamil
UNS752,DKIJakarta
AriefAnarya,Lady_Zeebo
AgustinaYurisa,Jhonkosmik
echacha_ra,Metro_TV
hiduphrsbalance,KAI121
ImigrasiMataram,ditjen_imigrasi
sindoe,Lady_Zeebo
bjopass17,Mr_703n4_______
wiechuwii,ridwankamil
p4dr1_chozan,aniesbaswedan
abudzaky2015,CNNIndonesia
Nurchan93995658,Jhonkosmik
KolonelTarzan,ridwankamil
44_b15,4smara1701
44_b15,DKIJakarta
_hermana_t,jawapos
hgfudududu,dirgarambe
novapermana8,DTanjung15
haffyhazy,CNNIndonesia
OpAkalSehat,OmBrewoks3
curup_online,Metro_TV
ayuaara,dirgarambe
BinHadinata,aniesbaswedan
pepiejy,CNNIndonesia
yuanarbinery,Metro_TV
_hjiyeon,CNNIndonesia
hendi_setiadi,aniesbaswedan
hendi_setiadi,jokowi
AjiAlbern,aniesbaswedan
mamankunjeri,Lady_Zeebo
Hentieuxoge,DTanjung15
dewi_intansr30,Metro_TV
AEkopurnomo,DTanjung15
weyoufng,zhwxxtyong
boteeloh,CNNIndonesia
RatnaRa64539974,CNNIndonesia
RatnaRa64539974,kompascom
iqbalcodet,ridwankamil
NKRI1INDONESIA,DTanjung15
maulanaseptiady,SalmaBrecht
tinuri,ridwankamil
clalomy,CNNIndonesia
mchanloey,CNNIndonesia
hari_mawon,Clarra_Catz
KiRaidesu,DishubDKI_JKT
KiRaidesu,ridwankamil
DenPri_212,4smara1701
DenPri_212,DKIJakarta
DenPri_212,BawelNeverDies
RoroAggrn,CNNIndonesia
praninDIKA,ridwankamil
prayrio,kompascom
Metro_TV,medcom_id
coockonuts,CNNIndonesia
fq_hindami,CNNIndonesia
KreshnaRahmat,ridwankamil
Nadiatrl,CNNIndonesia
lintangriezky,CNNIndonesia
loyalitaaa99,mediaindonesia
sonikurniawan89,tijabar
faddelm,CNNIndonesia
wondpil,CNNIndonesia
1gjrxtyq_,G4kNyer4hBR0___
1gjrxtyq_,DKIJakarta
1gjrxtyq_,tijabar
1gjrxtyq_,tijabar
robbyasiregar,dirgarambe
AlbertSolo2,AlbertSolo2
septianfrnsyh,ridwankamil
hendrasinara,CNNIndonesia
rirrikhrn,ridwankamil
KongJaing2,dirgarambe
noufaaal,ridwankamil
noufaaal,RadioElshinta
adinary,Metro_TV
adinary,CNNIndonesia
adinary,Metro_TV
Milan_Vidd,kumparan
Milan_Vidd,ridwankamil
yahyes,TirtoID
irvan__rizky,dirgarambe
fenrysva,TirtoID
fenrysva,CNNIndonesia
fenrysva,SalmaBrecht
fenrysva,vctrkmng
panggilsajaari,urpillowtalk__
pritaditya,CNNIndonesia
ramadhyan71,CNNIndonesia
ramadhyan71,KotaJaksel
Harauvalley99,Mr_703n4_______
kkvrindhavan,DKIJakarta
kkvrindhavan,haikal_hassan
kkvrindhavan,sosmedbw
ViaKez,vctrkmng
B_JoAjaaa,tijabar
suhendropp,infobdg
suhendropp,ridwankamil
andalasfess,Febri_Hanakhi
EKaranggo,aniesbaswedan
StevenCiang13,dirgarambe
tashauliap,qronoz
sayasam_bro,aniesbaswedan
rikohermawan97,agusset1awan
innovacommunity,TMCPoldaMetro
TARYSIBUEA,Metro_TV
Barna_byo,Lady_Zeebo
adilmer4,4smara1701
adilmer4,Reiza_Patters
tuanpoetri,infobdg
tuanpoetri,ridwankamil
rifak_arzerro,DRespati2
HamzahAlFansu13,Mr_703n4_______
masterando,hermantoregar
masterando,TirtoID
Bule66662,BawelNeverDies
jenius_PA,kompascom
Pisendo,R_Syuhada8
Pisendo,RoyAbdurrachman
Pisendo,pati35209192
Pisendo,ibuedey
Pisendo,eros_ei
Pisendo,HSubiyaktono
Pisendo,MMargani5
Pisendo,caplun6
Pisendo,asbun110
Pisendo,fatkur_isti
Pisendo,Cah___Angon
DiandraNabella,Correcto_ID
DiandraNabella,Correcto_ID
DiandraNabella,Correcto_ID
TMustcho,CNNIndonesia
TMustcho,Yono_Tankian
TMustcho,marlina_idha
TMustcho,DKIJakarta
lintangbiruu,ridwankamil
NaufalBarevi,aniesbaswedan
roysalam,setkabgoid
laelaystika,kumparan
laelaystika,ridwankamil
ali_nurlah,Yono_Tankian
ImamBukhori7701,aniesbaswedan
dongengwayang,SalmaBrecht
RanupsProSandi,Berkarya_Info
agnestaukan,ridwankamil
77bayoe,ridwankamil
awie_albetawie,4smara1701
awie_albetawie,DKIJakarta
ludoman1,infobdg
ludoman1,ridwankamil
nabilaarendra,ridwankamil
4pr1588,ANDINI_MAHARAN1
4pr1588,jokowi
BontotBanten,aniesbaswedan
hallyuKSY,Gxxod13
Febri_Hanakhi,andalasfess
Tomy_SJ,vctrkmng
Kecebon06563249,ridwankamil
indahihoo,ridwankamil
bon_norii,xxcrsh
bon_norii,tubirfess
hahahanduk,kumparan
hahahanduk,ridwankamil
tomatbulet,vctrkmng
FerryM1,TMCPoldaMetro
FerryM1,Metro_TV
TNilotika,tijabar
Diellad,dirgarambe
Panggilajatom,ridwankamil
sekepingrasa,takeandgivee
Rizky_Nadasi,irwan_fecho
Rizky_Nadasi,Jhonkosmik
kunBRYANSMITH,dirgarambe
kunBRYANSMITH,ustadtengkuzul
kunBRYANSMITH,conan_idn
cleft_chin,TfJakarta
DyaPutro,BawelNeverDies
boeronan,ridwankamil
Simarkuy,dirgarambe
Ninda099,aktualofficial
Ninda099,aktualofficial
ECTaufan,dirgarambe
AdamBagaskara,kumparan
AdamBagaskara,ridwankamil
Ddipram,Jhonkosmik
Ddipram,Mang_Budd
Edgama23,vctrkmng
Edgama23,isishaki
ciciziaa,setkabgoid
BundaHani,ridwankamil
HeriBud54532301,Mr_703n4_______
zahkhan25_70127,Jhonkosmik
salendra18,panca66
salendra18,negativisme
allisyc,vctrkmng
pandemicorea,ridwankamil
anonchimous,kumparan
anonchimous,ridwankamil
FatahSM_,ridwankamil
HakimGarisLurus,mochamadarip
HendraZandi,BawelNeverDies
HendraZandi,sosmedbw
HendraZandi,aniesbaswedan
HendraZandi,K1ngPurw4
dey_mamanya2dha,SirianaGde
dey_mamanya2dha,jokowi
dey_mamanya2dha,dirgarambe
dey_mamanya2dha,ustadtengkuzul
hendrirz70,kumparan
hendrirz70,ridwankamil
algifari_winer,Lady_Zeebo
MuammarAldafi,CNNIndonesia
MuammarAldafi,CNNIndonesia
MuammarAldafi,CNNIndonesia
doausahaoptimis,kumparan
doausahaoptimis,ridwankamil
rifanzhri,sherlydarmali
ghinaars,ridwankamil
fairychannn,kumparan
fairychannn,ridwankamil
dindakusumaa,ridwankamil
IMissYouBerbyQu,WahabisLokal
manggala2019,dirgarambe
arya_manhal,ridwankamil
hincapandjaitan,kumparan
hincapandjaitan,ridwankamil
TryVan0_06,marlina_idha
TryVan0_06,DKIJakarta
soursoully,dirgarambe
MrsAmron23,Lady_Zeebo
MetalGreymon_,kikiunyyen
MetalGreymon_,akashisedai
AaahmadFaqih,Lady_Zeebo
calankt1,yusuf_dumdum
Gilang_Mahesa,ridwankamil
beningtirta,Danaranindito
beningtirta,KhofifahIP
OteTatsuya,bayuadhy
OteTatsuya,IndiHome
tinaahmad,dirgarambe
sobring,musniumar
tacubz,SalmaBrecht
tacubz,QalbuBahasa
tacubz,Lady_Zeebo
bintariadriana,Lady_Zeebo
bintariadriana,Correcto_ID
bintariadriana,Correcto_ID
bintariadriana,Correcto_ID
hadi_poernomo,BawelNeverDies
hadi_poernomo,CNNIndonesia
akitsubagja,ridwankamil
Arf_f4d,tijabar
baymkti_,infoPKU
sarahylndw,AREAJULID
ronironneironi,dirgarambe
tea_ledy,Kanseulir
tea_ledy,BawelNeverDies
tea_ledy,ArieY_Official
musbarrk,vctrkmng
AzizFadhillah,dirgarambe
jajijujejohan,piwpaxle
HeriMubarok,OmBrewoks3
novidwiansy,ridwankamil
ellendaniella,XiaomiIndonesia
noval_aryadi,plntlayn
MonkeyDitha,infobdg
MonkeyDitha,ridwankamil
theendlessmess,xline_id
theendlessmess,aniesbaswedan
azharwibisono,ridwankamil
_____Tobat,dirgarambe
Eyangkuncentea,Mr_703n4_______
Eyangkuncentea,aniesbaswedan
anisanad03,IqVandys
shellalodra,cjakaa
sweetfrday,DKIJakarta
sweetfrday,firmanbaim
sweetfrday,DKIJakarta
sweetfrday,firmanbaim
sweetfrday,DKIJakarta
sweetfrday,DKIJakarta
AlMahdiCorps,demoSoCRAZY
AlMahdiCorps,aniesbaswedan
nara_killjoy,vctrkmng
Andiammulia3,liputan6dotcom
YongL4dy,0ll4_Butt3rfly_
YongL4dy,Clarra_Catz
YongL4dy,G4kNyer4hBR0___
YongL4dy,CNNIndonesia
YongL4dy,G4kNyer4hBR0___
YongL4dy,DKIJakarta
YongL4dy,flower_myth
PAPA_EK0,Lady_Zeebo
Moch_herianto,KhofifahIP
riopLuR,okezonenews
ecosocrights,Yono_Tankian
nisma_mokhtar,hadifianwidjaja
nisma_mokhtar,KoeAry
nisma_mokhtar,sakairock
nisma_mokhtar,staffgaksus
nisma_mokhtar,FerdinandHaean2
nisma_mokhtar,ridwankamil
nisma_mokhtar,hadifianwidjaja
nisma_mokhtar,sakairock
nisma_mokhtar,staffgaksus
nisma_mokhtar,FerdinandHaean2
nisma_mokhtar,ridwankamil
nisma_mokhtar,hadifianwidjaja
nisma_mokhtar,sakairock
nisma_mokhtar,KoeAry
nisma_mokhtar,staffgaksus
nisma_mokhtar,FerdinandHaean2
nisma_mokhtar,ridwankamil
nisma_mokhtar,hadifianwidjaja
nisma_mokhtar,KoeAry
nisma_mokhtar,sakairock
nisma_mokhtar,staffgaksus
nisma_mokhtar,FerdinandHaean2
nisma_mokhtar,ridwankamil
nisma_mokhtar,hadifianwidjaja
nisma_mokhtar,sakairock
nisma_mokhtar,staffgaksus
nisma_mokhtar,FerdinandHaean2
nisma_mokhtar,ridwankamil
f2tsal_H14,tijabar
nizham_id,aniesbaswedan
punyalusi,AREAJULID
Vierman27301767,musniumar
a_mar89,infobdg
a_mar89,ridwankamil
AwalFans,ridwankamil
AliObeng,Lady_Zeebo
gyrmxsoj88,jayakabajay
irbahlavara,setkabgoid
DianVeei,vctrkmng
AndiSuraja,CommuterLine
StalistS,SirianaGde
StalistS,jokowi
BosJokerMan,KATADATAcoid
3835info,Lady_Zeebo
Mang_Budd,tijabar
iyang88,Mr_703n4_______
iyang88,kumparan
hadifianwidjaja,KoeAry
hadifianwidjaja,sakairock
hadifianwidjaja,staffgaksus
hadifianwidjaja,nisma_mokhtar
hadifianwidjaja,FerdinandHaean2
hadifianwidjaja,ridwankamil
hadifianwidjaja,nisma_mokhtar
hadifianwidjaja,sakairock
hadifianwidjaja,staffgaksus
hadifianwidjaja,FerdinandHaean2
hadifianwidjaja,ridwankamil
hadifianwidjaja,nisma_mokhtar
hadifianwidjaja,sakairock
hadifianwidjaja,staffgaksus
hadifianwidjaja,FerdinandHaean2
hadifianwidjaja,ridwankamil
hadifianwidjaja,staffgaksus
hadifianwidjaja,sakairock
hadifianwidjaja,nisma_mokhtar
hadifianwidjaja,FerdinandHaean2
hadifianwidjaja,ridwankamil
haekaladzani,dirgarambe
bubbleoranges,SalmaBrecht
Suryo_KJ,kumparan
marsuditri,kumparan
antaz345,HanaRasheed_
antaz345,kamsidi_alex
rindalolita,setkabgoid
val_k1lmer,ustadtengkuzul
cakbulla,SalmaBrecht
YusufNusantara1,setkabgoid
AdanAlthaf,infoPKU
elsa__8181,4smara1701
elsa__8181,DKIJakarta
G4kNyer4hBR0___,G4kNyer4hBR0___
G4kNyer4hBR0___,DKIJakarta
G4kNyer4hBR0___,CNNIndonesia
G4kNyer4hBR0___,G4kNyer4hBR0___
G4kNyer4hBR0___,CNNIndonesia
G4kNyer4hBR0___,DKIJakarta
Ichaaan_,dirgarambe
mametoooz,CNNIndonesia
TSpartan99,ridwankamil
TongSate,hermantoregar
TongSate,marlina_idha
hanka_ismail,ustadtengkuzul
kartikarum,jayakabajay
vonnycornellya_,PemkotaBogor
vonnycornellya_,RadioElshinta
kanalaceh,kanalaceh
Edisonalmageki,4smara1701
Edisonalmageki,DKIJakarta
fujicapsule_,jayakabajay
WTCSERPONG,KemenkesRI
irhandi_wijaya1,OmBrewoks3
irhandi_wijaya1,CNNIndonesia
sudrajat_riyad,ridwankamil
bowie_mas,dirgarambe
mnctrijayasby,adimaintwitlagi
basir18,mochamadarip
BgusMufti,isishaki
mat_rifqi,ustadtengkuzul
shnynggrn,infobdg
shnynggrn,ridwankamil
BangGodham,Mr_703n4_______
mariaekacarini,vctrkmng
yourcereal_,ridwankamil
NovitasariKD,infobdg
NovitasariKD,ridwankamil
bagaskara,isishaki
EmmySumangkut,sosmedbw
Sentoel,Metro_TV
bangmis,ridwankamil
fathiyarrr,ridwankamil
Add_it_,isishaki
galihww,vctrkmng
patriot016610,aniesbaswedan
patriot016610,DKIJakarta
patriot016610,DKIJakarta
iwa224,infobdg
iwa224,ridwankamil
alifrombekasi,yuswohady
ribkadel,vctrkmng
risqonmuttaqin,vctrkmng
Ikromabualiff,firmanyursak
DonnaNisa,ridwankamil
DonnaNisa,ridwankamil
DonnaNisa,ridwankamil
BurhanSaidi,MediaRakyat_
BurhanSaidi,arwidodo
yusuflakaseng,kumparan
andriany_aan,aniesbaswedan
andriany_aan,sosmedbw
DewiNoviyani_,aniesbaswedan
AzharMatang,_doncorleone_78
AzharMatang,Queen_Oc09
AzharMatang,Ochi__BQ09
AzharMatang,jokowi
AzharMatang,DivHumas_Polri
sarawcat,infobdg
sarawcat,ridwankamil
wagyucheeseroll,CNNIndonesia
Arimianggi_,hrdbacot
vnnalestari,vctrkmng
HDYTbatavia,geloraco
HDYTbatavia,ustadtengkuzul
HDYTbatavia,hnurwahid
HDYTbatavia,PKSejahtera
hadijah2007,OmBrewoks3
Delv44142652,Clarra_Catz
Delv44142652,sosmedbw
Delv44142652,sosmedbw
whispr__,vctrkmng
dwikiabandhika,CommuterLine
dionrangga02,KemenkesRI
dionrangga02,KemenkesRI
AgneesLS,ridwankamil
jasminealie,republikaonline
andianisharfina,CNNIndonesia
slekahena,vctrkmng
Nieaabcde,ridwankamil
ilhamyun,ustadtengkuzul
paimo65,SalmaBrecht
paimo65,ridwankamil
hiong71,SalmaBrecht
bmbgst,ustadtengkuzul
Ronizukipurnama,ridwankamil
pvtriapr,infobdg
pvtriapr,ridwankamil
0m_Brewoks,OmBrewoks3
Herna77508521,ridwankamil
martinusnussah,YouTube
BundanyaINTANYK,ChusnuIChotimah
Ayo_Memilih,kompascom
KMidi82,aniesbaswedan
AESTETICA_,mediocrickey
AESTETICA_,PandunyaRadit
tarmidzi08,liputan6dotcom
rubyrdn,kumparan
kopi_angek,Noto4ti
infobdg,ridwankamil
heru_lho,dirgarambe
naresalka,setkabgoid
mfarhanfzn,hrdbacot
ARDharmawan,ridwankamil
DRespati2,surewon9090
JiwasrayaGate,OposisiCerdas
lostinIust,CNNIndonesia
ini_nano,hannarayliza
Asiah70305238,ustadtengkuzul
Asiah70305238,bersuara_rakyat
adeltpr,AlRSusanto
SahriRahma,ridwankamil
hendrawk,vctrkmng
na_dirs,GueNKRI
na_dirs,na_dirs
DiplomasiTotal,itsbatnajih
SamoelGidheta,Jhonkosmik
sarahcashtic,DRespati2
annamargareth90,tuanwidi
emogibran,vctrkmng
abd_azzam_,aniesbaswedan
smprl,voaislam
SantaPradana,hannarayliza
angelinestella,isishaki
cah_rusak,semiaji_w
Gerigi091080,DRespati2
absolutia,dirgarambe
fatheema_zein,ustadtengkuzul
fatheema_zein,DRespati2
putriaasnk,ridwankamil
nndisyn,ridwankamil
putraalam98,aniesbaswedan
KanjengMamiRatu,ridwankamil
tifazafi,4smara1701
tifazafi,KotaJaksel
pimamanggala,vctrkmng
yul__yul20,BerisikEmak
nilamerah1,ustadtengkuzul
yoursugarnoona,vctrkmng
voaislam,voaislam
Sedang2Sajah,dirgarambe
Ulama_Sangean,tempodotco
Jisurr,isishaki
ArumBene,dirgarambe
GibraNiaLuv,Benny_Keef1
GibraNiaLuv,umaleao
donat_merica__,demoSoCRAZY
hayuningratri,ChiBi48_Chelsea
hayuningratri,vctrkmng
htbrkgurl,ridwankamil
AndalasPeople,BawelNeverDies
MuslihYusron,DRespati2
ameliaprimarini,CNNIndonesia
akbarfirmansyah,vctrkmng
Rio_Ramabaskara,dirgarambe
seto_pambudi,vctrkmng
htopik5,ArnoldPoernomo
htopik5,RadioElshinta
htopik5,SejarahRI
SBencana,RadioElshinta
SBencana,TMCPoldaMetro
vitha_mu,suaranasional
isommutaqin,ridwankamil
DsSupriyady,ustadtengkuzul
lubisrina_,kompascom
n0v4n1,Ameeramantikah
n0v4n1,fadjroeL
n0v4n1,ReflyHZ
AshbenYgMahaEsa,tuanwidi
intansavhyraa,tempodotco
intansavhyraa,liputan6dotcom
intansavhyraa,LinjamsosOke
intansavhyraa,ridwankamil
Kendati_Semesta,bos_sir
Kendati_Semesta,aniesbaswedan
HudaibiSanto,firmanyursak
Rhoonee,dirgarambe
Nana_Wahab,CNNIndonesia
Bonar_Sipayung,vctrkmng
_doncorleone_78,AzharMatang
_doncorleone_78,_doncorleone_78
_doncorleone_78,reno_2
_doncorleone_78,NanankZati1
_doncorleone_78,_doncorleone_78
_doncorleone_78,BNPB_Indonesia
_doncorleone_78,KemenkesRI
_doncorleone_78,Puspen_TNI
omibb,Clarra_Catz
amanda_batrisya,SirianaGde
amanda_batrisya,jokowi
tegaxdirimu,DRespati2
tegaxdirimu,marlina_idha
tegaxdirimu,DKIJakarta
sasri14,CNNIndonesia
yourtamm,CNNIndonesia
bruh_id,Gxxod13
winarno4551,ridwankamil
AtasYuda,Berkarya_Info
kafeinvestor,CNNIndonesia
SriNeng70160486,G4kNyer4hBR0___
SriNeng70160486,DKIJakarta
Salsabilaulh,InfoBekasi
ayeayerica,ridwankamil
Bers4tu,WahabisLokal
papagifta,ridwankamil
Lovyqsya,SirianaGde
Lovyqsya,jokowi
AlFatih68231928,bagasdeha
rzlhmdfz,Naufalrahmanda
__Al_Quds______,Mr_703n4_______
ahlakpowerbank,KenArya9
mauproduktif,schfess
andreasaping,kompascom
Negaprions,firmanyursak
fianurafiffah,ridwankamil
Arifin__0504,WahabisLokal
damiandeo,fadillah_acmd
MediaRakyat_,arwidodo
VostokMerah,surodilagan
VostokMerah,VostokMerah
davelskuy,ridwankamil
hifiakbar,CNNIndonesia
lebahtangkai,rusli_amarrul
Fajardwirianto,kumparan
revolutia,dirgarambe
___bangjuna02__,Mr_703n4_______
NofidhN,kumparan
joulepakir,DRespati2
x_RNPAS,DRespati2
ggnatalya,ridwankamil
DodhooAnthonius,PT_Transjakarta
yth_prayoga,isishaki
Ddiet,ridwankamil
diaszsatria,ridwankamil
maretaadp,CNNIndonesia
Zetyo_pambudi7,Jhonkosmik
sfnalka,CNNIndonesia
octa_okata,aniesbaswedan
astrodiaal,ry4nn_
AniBunny14,dirgarambe
mahar1978,sosmedbw
Adi_Wicaksono,SirianaGde
Adi_Wicaksono,jokowi
tookangkayu,trusknpjir
duta_kurniawan,BawelNeverDies
sunnyfloweh,isishaki
AkunDanny,Ameeramantikah
idafrdh,aniesbaswedan
WahyuDhyatmika,temponewsroom
_Razzmon,QalbuBahasa
_Razzmon,SalmaBrecht
Khoir_Muhammad,SalmaBrecht
ronindrawan,yusuf_dumdum
yolskey,CNNIndonesia
WahhabiCC,Zalfa_Qotr
WahhabiCC,jokowi
ur_demogorgon,isishaki
juliarif,ustadtengkuzul
hasmi_bakhtiar,SirianaGde
hasmi_bakhtiar,jokowi
amanidelm,NadineOliv
suksel_,Panpanda24_
KPUGate,OposisiCerdas
Rafifijlal02,DRespati2
ZoelHay,taharuddin_id
roseegolds,ridwankamil
assultanalfatih,ustadtengkuzul
nenggsyifa,dirgarambe
onlyaidee,rmolbantencom
caesarrifa,ridwankamil
arie_s06,ridwankamil
JaiiAlabaly,CNNIndonesia
valid_news,debapirez
valid_news,Reiza_Patters
valid_news,CNNIndonesia
valid_news,rmolbantencom
kicepkicep,dirgarambe
kicepkicep,SirianaGde
kicepkicep,jokowi
arahoy,siwonchoi
LawanTirany,marlina_idha
LawanTirany,DKIJakarta
fauzi0716,ustadtengkuzul
Mahameru2015,debapirez
Mahameru2015,Reiza_Patters
Olafiola,ridwankamil
syarifjogja,twitpos
syarifjogja,aniesbaswedan
vtosoe,dirgarambe
AnakBaranusa,abadikinicom
kominfotikjp,aniesbaswedan
kominfotikjp,DKIJakarta
kominfotikjp,walikotajakpus
kominfotikjp,senenkecamatan
kominfotikjp,satlo
nitanjra,dirgarambe
nitanjra,ustadtengkuzul
dina_sour,dirgarambe
rizkybprasetyo,DoctorSange_
Ifa_kimdouhara,CNNIndonesia
meow_leader,ridwankamil
DadeFuad,paimo65
Dizawesome,isishaki
JOINLampung,KelikCexyl
JOINLampung,jokowi
OdriSeva,0ll4_Butt3rfly_
OdriSeva,kasehsaulmouk
OdriSeva,flower_myth
MalangTramway,perkeretaapian
nigiabcde,ridwankamil
ganeshagegen,ridwankamil
setiatanti,ridwankamil
noval_ard21,ustadtengkuzul
ameeliapuspa,ridwankamil
yamin046,SalmaBrecht
Dadodad59834626,marlina_idha
Dadodad59834626,BawelNeverDies
Dadodad59834626,hannarayliza
yenianggrn,ridwankamil
debesornating,isishaki
fannyalfi,ridwankamil
akangilyaas,galuhsetia
kopassos,marlina_idha
kopassos,DKIJakarta
kafiradikalis,threadreaderapp
kafiradikalis,SirianaGde
kafiradikalis,SirianaGde
kafiradikalis,jokowi
kafiradikalis,SirianaGde
kafiradikalis,jokowi
nurulshanti,DRespati2
t_nophdimana,dirgarambe
Gozo0405,GOTbdg1
Gozo0405,swanylicious
Gozo0405,ridwankamil
EdiIswardi,DKIJakarta
EdiIswardi,mas_talkah
EdiIswardi,DKIJakarta
DEdward_4,marlina_idha
MVVZ3,rmolbantencom
MVVZ3,ustadtengkuzul
kartogeni,isishaki
febyanisaa,ridwankamil
AwakMedanCoy,cnbcindonesia
AwakMedanCoy,rmolbantencom
jatoel,SirianaGde
jatoel,jokowi
ewang_ambok,BawelNeverDies
paapiyo1,ustadtengkuzul
JunizarT,CNNIndonesia
FaisalZaini0411,sosmedbw
FaisalZaini0411,aniesbaswedan
Geyelicius,dirgarambe
jhon_hancock77,rmolbantencom
rahmanluphyou,dirgarambe
RamAl0598,DRespati2
joko_maryadi,hudattamini
joko_maryadi,AnakLolina
joko_maryadi,Kampak_S
joko_maryadi,DKIJakarta
dipolbek,ridwankamil
SirianaGde,SirianaGde
SirianaGde,jokowi
KHERATSELAMANYA,rmolbantencom
iqbalmaula,K1ngPurw4
hxsins,isishaki
sintiastr,ridwankamil
arieszreza,amin_ibram
aimrod,isishaki
Oetaryo7,cagubnyinyir2
Oetaryo7,LisdiyantoR
Oetaryo7,MyBagaspati
Oetaryo7,HapnyAndryanti
depressiun,isishaki
lusapah,ridwankamil
Ambarwati_2606,TMCPoldaMetro
komenmuluu,infobdg
komenmuluu,ridwankamil
fajar17,isishaki
ayenzodearya,Tepian_Laut
CintaKita_OkE,0O1972419
CintaKita_OkE,aniesbaswedan
ndCapio,dirgarambe
ZlatemT,dirgarambe
satyarsa_bk,SalmaBrecht
APLpangeran00,APLpangeran1
sifaafril,ridwankamil
ambo_miocarbon,jpnncom
putu_hi,conan_idn
Tony_HeXa,ridwankamil
ArnHaa,ridwankamil
just_oya,marlina_idha
just_oya,DKIJakarta
erstevannn,infobdg
erstevannn,ridwankamil
beautydyah,marlina_idha
J_Mustofa,CNNIndonesia
dewo_padi08,0O1972419
dewo_padi08,aniesbaswedan
mmymurni,SalmaBrecht
mmymurni,aniesbaswedan
mmymurni,aagym
begiputra_,nufusbachtiar
sibeitu,setkabgoid
macaronikukus,CNNIndonesia
NadyaIskndrr,ridwankamil
lollipoopsicle,ridwankamil
lollipoopsicle,avirdianii
lollipoopsicle,ridwankamil
165NLM,dirgarambe
165NLM,marlina_idha
165NLM,DKIJakarta
165NLM,firmanyursak
benhard7,ridwankamil
cathadelia,ridwankamil
mutiarafds,ridwankamil
rifqiikhsann,DishubDKI_JKT
AkuKauDia15,CNNIndonesia
Miantisepriandi,infobdg
Miantisepriandi,ridwankamil
Syambari,rmolbantencom
fftasya,aniesbaswedan
yan_noviar,dirgarambe
cantikaazzahra,m3gumiii
manzilurrohman,DRespati2
nothamzah,zismn
Nazta08,aniesbaswedan
kawan_pas,Jhonkosmik
sitaplana,dirgarambe
rifqirahel,AtikahWidarti
26Ceicei,ridwankamil
akbarigoy,anggakasi
SukhendroPragul,CNNIndonesia
BowoEndarto,rmolbantencom
Afriliza_,ridwankamil
ricosiswandi,FirzaHusain
_Dewaruci_,FirzaHusain
_Dewaruci_,SalmaBrecht
Petanicengkeh3,aniesbaswedan
dianendaeyo,Ablev16
oddcun,ridwankamil
penggemarcoffee,ridwankamil
kapikaaah,ridwankamil
_amod_,PRFMnews
mfauzirizal82,Kanseulir
ibnu_hr2009,hnurwahid
ibnu_hr2009,PKSejahtera
ElsaMartina2,hincapandjaitan
Jossemolin,DKIJakarta
Aufklarung00,Lini_ZQ
SyukurAyub,demoSoCRAZY
sxxvvis,ernestprakasa
0v4lt1n3_,jokowi
0v4lt1n3_,jokowi
0v4lt1n3_,Kiyai_MarufAmin
chlspnn97,GrabID
iwanpiliang7,firmanyursak
alfajriega,infobdg
alfajriega,ridwankamil
didiklpambudi,Demokrat_TV
didiklpambudi,FPD_DPR
didiklpambudi,irwan_fecho
AthosFreediver,adninarmas29
